row_id,realization_id,scenario_name,site_id,sector_id,impaired_sector_id,attached_ue_count,active_ue_count,offered_traffic_Mbps,served_traffic_Mbps,unserved_traffic_Mbps,sector_load_ratio,mean_RSRP_dBm,median_RSRP_dBm,mean_SINR_dB,median_SINR_dB,mean_UE_throughput_Mbps,median_UE_throughput_Mbps,qos_satisfaction_ratio,boundary_ue_ratio,handover_risk_score,attach_rate_sector,cod_label
1,16,normal,2,6,0,26,3,15.6069510305994,15.6069510305994,0,0.358730702535214,-87.9354637153836,-87.7328404448619,8.41545166583991,7.27747500834148,5.20231701019981,6.27032794078552,1,0.115384615384615,0.115384615384615,0.962962962962963,normal
2,21,normal,7,19,0,23,4,20.891108295686,20.891108295686,0,0.434444016008224,-85.6641777339267,-86.110233995973,9.94296487134469,9.12428245954986,5.2227770739215,5.22239827725569,1,0.173913043478261,0.173913043478261,1,normal
3,13,normal,6,18,0,26,5,16.3352647562635,16.3352647562635,0,0.326824639260805,-89.4270603695339,-88.9078767648603,10.4392562283028,10.8882519254583,3.2670529512527,1.40828278815908,1,0.0769230769230769,0.0769230769230769,1,normal
4,11,normal,5,15,0,22,2,9.23546334505683,9.23546334505683,0,0.279635282987561,-89.8369338928975,-89.4187178086318,5.82499441325069,3.73712789016546,4.61773167252842,4.61773167252842,1,0.136363636363636,0.136363636363636,1,normal
5,18,normal,3,8,0,26,5,31.3348891351377,31.3348891351377,0,0.741115527361182,-89.1210103155205,-91.3194669132426,8.5512417820567,5.93127913977941,6.26697782702753,6.68964527392497,1,0.192307692307692,0.192307692307692,0.962962962962963,normal
6,16,normal,1,2,0,17,1,6.03479885732682,6.03479885732682,0,0.190676293842754,-88.1596593112935,-89.2293947058754,4.81513665478597,1.44992556352672,6.03479885732682,6.03479885732682,1,0.411764705882353,0.411764705882353,1,normal
7,12,normal,7,19,0,24,6,32.7436149418457,32.7436149418457,0,0.680078931218351,-87.1795164102387,-88.5798732694897,9.71559903464082,9.2203493522029,5.45726915697429,5.87382257144183,1,0.0416666666666667,0.0416666666666667,0.923076923076923,normal
8,10,normal,1,3,0,18,3,9.35068417645307,9.35068417645307,0,0.247685092077807,-86.391836912727,-87.5248446948911,6.97899381771708,6.94358242276883,3.11689472548436,3.53376268339381,1,0.0555555555555556,0.0555555555555556,1,normal
9,10,normal,6,17,0,29,2,6.76511048767699,6.76511048767699,0,0.148297257144771,-87.548139832299,-87.0467959147185,8.97916513701134,8.13794801567117,3.38255524383849,3.38255524383849,1,0.103448275862069,0.103448275862069,1,normal
10,14,normal,2,5,0,17,2,7.52701440484217,7.52701440484217,0,0.231309811621565,-89.2966991658943,-90.2196334814511,5.55205845990618,4.2449189659835,3.76350720242109,3.76350720242109,1,0.235294117647059,0.235294117647059,0.944444444444444,normal
11,18,normal,4,12,0,21,1,2.21531747935446,2.21531747935446,0,0.0501954431965919,-85.3901832785939,-85.0196119441162,8.54617164052933,8.3219259667361,2.21531747935446,2.21531747935446,1,0.142857142857143,0.142857142857143,1,normal
12,17,normal,4,11,0,29,5,24.8890271597671,24.8890271597671,0,0.501446537233634,-89.544351901454,-89.1228777016635,10.2973954255677,10.4841608048256,4.97780543195342,5.07760598774677,1,0.172413793103448,0.172413793103448,1,normal
13,16,normal,6,18,0,22,5,23.7948443034375,23.7948443034375,0,0.39931769892629,-87.6977708094899,-88.0230911939201,12.7422634868773,13.6259790685741,4.7589688606875,4.18641002357361,1,0.0909090909090909,0.0909090909090909,0.956521739130435,normal
14,17,normal,5,14,0,32,6,26.2648426139173,26.2648426139173,0,0.546565711478237,-87.2136454739,-89.4911843892218,10.3326926245095,9.9176878024718,4.37747376898621,4.82776630613283,1,0.125,0.125,1,normal
15,9,normal,4,11,0,26,5,27.6317848791515,27.6317848791515,0,0.549865191510436,-90.0260114651028,-90.4785242838934,10.185321142193,10.5639665965487,5.52635697583029,4.91712608382853,1,0.0769230769230769,0.0769230769230769,1,normal
16,13,normal,1,1,0,15,3,17.7160559100354,17.7160559100354,0,0.687972311062476,-89.3912462675232,-89.0948687529505,3.28761395646213,1.54656355786001,5.90535197001179,5.64088380619114,1,0.333333333333333,0.333333333333333,0.9375,normal
17,12,normal,6,18,0,23,2,13.4093646338331,13.4093646338331,0,0.256599992007368,-88.8688329447719,-88.4463487482814,11.4014429260361,10.7740731928688,6.70468231691657,6.70468231691657,1,0,0,1,normal
18,4,normal,4,10,0,27,5,17.1521081235236,17.1521081235236,0,0.45720248614635,-88.7114090226623,-88.3957718352804,6.94758471737431,5.79855124379411,3.43042162470473,2.75439021000292,1,0.259259259259259,0.259259259259259,0.964285714285714,normal
19,4,normal,7,19,0,28,2,7.96870573528014,7.96870573528014,0,0.231670366932685,-90.740368156188,-91.8859759025517,6.02549885618617,4.22013668068605,3.98435286764007,3.98435286764007,1,0.285714285714286,0.285714285714286,0.96551724137931,normal
20,14,normal,1,3,0,21,1,7.34975703569045,7.34975703569045,0,0.158301365532007,-85.4956082924468,-84.5503453359021,9.49692380020615,10.3621991552557,7.34975703569045,7.34975703569045,1,0.0952380952380952,0.0952380952380952,0.954545454545455,normal
21,20,normal,5,14,0,18,4,10.7739953228408,10.7739953228408,0,0.256111385814349,-92.343089365154,-92.5678512425581,8.05687812298154,8.87138943380056,2.69349883071019,1.70092518721047,1,0.222222222222222,0.222222222222222,0.947368421052632,normal
22,16,normal,5,14,0,23,5,26.9709905814393,26.9709905814393,0,0.46097860901131,-88.0763963645556,-88.2914016050283,12.6996088039482,13.7134082972077,5.39419811628786,5.49570152861534,1,0.173913043478261,0.173913043478261,1,normal
23,6,normal,7,21,0,32,2,3.52049913515569,3.52049913515569,0,0.0675142969955291,-89.2328170396921,-92.0272206103961,11.685324188362,10.4087836034364,1.76024956757785,1.76024956757785,1,0.0625,0.0625,1,normal
24,3,normal,5,15,0,24,5,19.7846418417983,19.7846418417983,0,0.422626561732654,-88.6224604526312,-88.7788648313918,9.6957755328538,8.9470928952133,3.95692836835965,3.64494921832535,1,0.166666666666667,0.166666666666667,0.96,normal
25,4,normal,3,7,0,18,4,22.4936082300548,22.4936082300548,0,0.399324143209777,-87.4147506217844,-88.4249178051962,11.8347934540283,13.2253436648513,5.6234020575137,5.62915201743457,1,0.166666666666667,0.166666666666667,1,normal
26,3,normal,6,18,0,24,6,31.0115708988342,31.0115708988342,0,0.520202568287464,-87.4481400640872,-87.571162053604,13.4024153880402,13.4257085754655,5.16859514980571,5.36441381961159,1,0,0,1,normal
27,13,normal,4,10,0,14,4,19.0056435456576,19.0056435456576,0,0.502653742555479,-89.1350508694037,-89.3803872231242,7.13716053541353,6.19946343184115,4.75141088641439,4.6418059116359,1,0.142857142857143,0.142857142857143,0.933333333333333,normal
28,16,normal,5,13,0,20,1,7.24948076628603,7.24948076628603,0,0.16911979539355,-86.4725527921757,-88.2365127619843,8.03825279784936,7.42793559482114,7.24948076628603,7.24948076628603,1,0.15,0.15,0.952380952380952,normal
29,10,normal,3,9,0,18,3,15.1907418354374,15.1907418354374,0,0.445438055457471,-86.7642111406635,-89.3583221883345,6.06250007508446,5.13420901801431,5.06358061181247,5.11634339614817,1,0.111111111111111,0.111111111111111,1,normal
30,13,normal,1,2,0,17,1,7.65503937765697,7.65503937765697,0,0.234206753038662,-85.9135688209772,-86.8295701501682,5.3167284578359,3.41925936339449,7.65503937765697,7.65503937765697,1,0.235294117647059,0.235294117647059,0.944444444444444,normal
31,18,normal,6,16,0,22,3,6.42520669396302,6.42520669396302,0,0.180520547958923,-89.0873601337365,-89.9162874808624,6.0215949947885,4.05425594035013,2.14173556465434,1.86734689857417,1,0.409090909090909,0.409090909090909,1,normal
32,17,normal,7,21,0,17,1,2.5232137414409,2.5232137414409,0,0.0492733711465735,-91.241592817508,-92.3532571155257,11.0049618318398,9.16346408410925,2.5232137414409,2.5232137414409,1,0.176470588235294,0.176470588235294,1,normal
33,3,normal,2,6,0,23,2,8.31732692918116,8.31732692918116,0,0.182379834670698,-86.6484281462354,-89.225892220034,8.98178255048214,7.19240388950443,4.15866346459058,4.15866346459058,1,0.0434782608695652,0.0434782608695652,0.958333333333333,normal
34,14,normal,6,18,0,21,3,11.2917734536138,11.2917734536138,0,0.192528681770614,-86.2399254813215,-88.2239473066739,13.2665141896154,9.84852809226422,3.76392448453792,2.81672267248769,1,0,0,1,normal
35,2,normal,4,12,0,23,4,16.3549184412096,16.3549184412096,0,0.542940052209354,-89.5348550458398,-90.9107271176203,4.70979511003166,3.56422376356583,4.08872961030241,4.03178867530261,1,0.347826086956522,0.347826086956522,1,normal
36,21,normal,3,7,0,18,2,11.5200035221591,11.5200035221591,0,0.212124687959696,-89.5051694433202,-91.311830053081,11.546553868447,11.1199914403729,5.76000176107953,5.76000176107953,1,0,0,1,normal
37,4,normal,7,20,0,23,2,6.72147182042697,6.72147182042697,0,0.182179550615633,-87.9315160407988,-88.7835298777809,6.21614407020782,3.12401418973124,3.36073591021348,3.36073591021348,1,0.304347826086957,0.304347826086957,0.92,normal
38,8,normal,2,6,0,30,6,25.1686880544778,25.1686880544778,0,0.665223422029785,-89.0416390932721,-91.5627547590308,7.62829604068382,6.59033581424123,4.19478134241297,4.10129013691878,1,0.2,0.2,1,normal
39,15,normal,6,16,0,18,5,27.0923905537801,27.0923905537801,0,0.539380208285212,-83.5043959904244,-84.0628360189373,10.3002230772077,9.16962262574495,5.41847811075602,7.15757729880148,1,0.111111111111111,0.111111111111111,0.947368421052632,normal
40,13,normal,5,14,0,26,6,36.3896431077187,36.3896431077187,0,0.614017006964459,-89.4196320786832,-90.9179948209162,13.0948440847054,12.7317134114846,6.06494051795311,6.11443406288794,1,0.0384615384615385,0.0384615384615385,0.962962962962963,normal
41,19,normal,1,1,0,22,5,25.7598039173287,25.7598039173287,0,0.733633738813682,-88.8333174640048,-89.3077963490343,6.03449521824382,2.80184975983682,5.15196078346575,5.70538189284438,1,0.363636363636364,0.363636363636364,0.916666666666667,normal
42,1,normal,7,20,0,19,3,14.3125398218174,14.3125398218174,0,0.327149557563763,-84.9947151236477,-84.3727377634909,9.16549223510616,6.67372759723045,4.77084660727245,3.91874332158135,1,0.210526315789474,0.210526315789474,0.904761904761905,normal
43,7,normal,2,4,0,28,7,22.2873681096365,22.2873681096365,0,0.392980185883859,-90.3145436605348,-91.0757335042071,12.0744728353439,12.064686472115,3.18390972994808,3.23876443352682,1,0,0,1,normal
44,7,normal,2,6,0,25,2,10.6203062007155,10.6203062007155,0,0.319541206841511,-90.7031336636008,-89.2804319697135,5.54640591869665,5.13734954192185,5.31015310035777,5.31015310035777,1,0.24,0.24,1,normal
45,19,normal,6,18,0,25,5,19.1527147933813,19.1527147933813,0,0.395279802054525,-89.7002049802402,-91.5286510839749,10.5609823882202,8.30263483634323,3.83054295867625,4.00957492097453,1,0.16,0.16,1,normal
46,7,normal,3,7,0,29,5,20.996771082065,20.996771082065,0,0.347253561428441,-86.2104463201245,-86.644807251228,13.6224502222541,13.1150165370662,4.199354216413,3.6138216085654,1,0.103448275862069,0.103448275862069,0.966666666666667,normal
47,3,normal,1,3,0,28,8,39.4206619815258,37.5415285995389,1.87913338198683,1.05005479137602,-86.4837294707551,-86.2010884743107,6.68135256215601,6.10816377519988,4.69269107494237,4.88771259644422,1,0.178571428571429,0.178571428571429,0.96551724137931,normal
48,17,normal,5,13,0,22,2,6.67752793783376,6.67752793783376,0,0.212760989479712,-88.6033974548336,-89.9721631187209,5.19402056943741,1.88916867900164,3.33876396891688,3.33876396891688,1,0.227272727272727,0.227272727272727,0.956521739130435,normal
49,16,normal,2,4,0,25,6,25.046299356631,25.046299356631,0,0.565494495358063,-91.9906620221893,-93.4998399704079,8.4089666137192,8.7856770020913,4.17438322610517,4.112039496577,1,0.16,0.16,1,normal
50,1,normal,3,7,0,30,8,36.4694440788035,36.4694440788035,0,0.603277815320553,-86.3223968900249,-86.6155530045023,14.2466684857415,12.2236840625217,4.55868050985044,4.57884239714375,1,0,0,0.967741935483871,normal
51,20,normal,2,5,0,29,3,17.4995448700285,17.4995448700285,0,0.439322669223533,-87.5152775885128,-88.4601853609972,7.33397751487553,6.08164096439563,5.83318162334282,5.71052639539664,1,0.241379310344828,0.241379310344828,0.966666666666667,normal
52,21,normal,1,2,0,25,3,14.3229570775862,14.3229570775862,0,0.331796226417992,-85.6646904305521,-86.5647056828238,9.00373645060159,5.87712317068195,4.77431902586206,5.89946149985197,1,0.2,0.2,0.961538461538462,normal
53,20,normal,1,2,0,25,3,15.0311676332654,15.0311676332654,0,0.357727388060678,-84.6217533710304,-85.9288875113169,7.89530352434259,6.05304813983884,5.01038921108845,4.96659078802986,1,0.12,0.12,0.961538461538462,normal
54,5,normal,3,7,0,22,4,16.2970944405484,16.2970944405484,0,0.288100543812785,-88.9350519361785,-89.7057576761363,12.2174770134482,12.6475573539655,4.0742736101371,3.96753219850536,1,0.0454545454545455,0.0454545454545455,1,normal
55,20,normal,3,8,0,16,0,0,0,0,0,-87.7498859245821,-86.9393617608835,9.58839502087079,10.2564263541513,0,0,1,0.1875,0.1875,1,normal
56,11,normal,7,21,0,27,1,2.08428666666415,2.08428666666415,0,0.0377876920522738,-89.909220259815,-90.0688430149535,11.8327247353804,11.7447212111224,2.08428666666415,2.08428666666415,1,0,0,0.964285714285714,normal
57,21,normal,1,3,0,19,1,5.75736696194461,5.75736696194461,0,0.189688411745333,-88.1984696241945,-87.1134181595662,4.80880897595332,1.72662073583172,5.75736696194461,5.75736696194461,1,0.210526315789474,0.210526315789474,0.904761904761905,normal
58,1,normal,6,18,0,25,1,3.57877256205135,3.57877256205135,0,0.0578089853054515,-85.6641255517487,-87.826665569999,14.0910072688204,13.8131137124504,3.57877256205135,3.57877256205135,1,0.08,0.08,1,normal
59,20,normal,7,20,0,21,3,13.6605325442749,13.6605325442749,0,0.374259780083013,-87.7292215821498,-88.3749650622923,6.5037976943613,4.59088605504521,4.55351084809163,3.88442935629454,1,0.19047619047619,0.19047619047619,1,normal
60,9,normal,2,6,0,23,4,11.5884320693833,11.5884320693833,0,0.281730371168762,-89.4106805417,-91.9160269087605,7.81378944714806,4.01079554573515,2.89710801734582,2.2669871202695,1,0.217391304347826,0.217391304347826,1,normal
61,14,normal,2,6,0,28,6,28.1377129622438,28.1377129622438,0,0.597843344251037,-87.3252611934076,-86.166867780966,9.54215928151569,8.08253818097175,4.68961882704064,4.86465192230402,1,0.107142857142857,0.107142857142857,0.96551724137931,normal
62,14,normal,4,10,0,22,2,11.7224681364681,11.7224681364681,0,0.257359194941281,-85.0732370774856,-83.9521915472135,9.28377615831302,7.86441676339849,5.86123406823404,5.86123406823404,1,0.227272727272727,0.227272727272727,1,normal
63,10,normal,7,19,0,18,3,7.7195983220635,7.7195983220635,0,0.194553778578328,-88.6987346275675,-90.7339361419439,8.19285002685072,7.55083158418421,2.57319944068783,2.28093052380971,1,0.222222222222222,0.222222222222222,0.947368421052632,normal
64,15,normal,5,14,0,29,7,32.1600814475944,32.1600814475944,0,0.540538105044104,-88.2987354710814,-86.9960578324318,13.2350506112427,13.7212152884002,4.59429734965635,4.54795492600175,1,0.103448275862069,0.103448275862069,0.935483870967742,normal
65,18,normal,2,6,0,32,7,29.7072499953457,29.7072499953457,0,0.590338930075179,-86.4190100997531,-87.4669066122428,10.9006244326086,8.52652325648149,4.24389285647796,3.97489757501279,1,0.0625,0.0625,1,normal
66,8,normal,4,11,0,24,7,22.5967833169521,22.5967833169521,0,0.452857000258723,-88.9074439587403,-90.827081020743,10.1942365984419,9.1962541741916,3.22811190242173,2.9694830434918,1,0.125,0.125,0.923076923076923,normal
67,3,normal,4,10,0,18,3,19.039037554109,19.039037554109,0,0.430158514304943,-90.136050770247,-91.414944325553,8.87644362784455,10.01198817083,6.34634585136966,6.21123620860732,1,0.222222222222222,0.222222222222222,1,normal
68,8,normal,3,9,0,32,2,7.31448970454805,7.31448970454805,0,0.190602181970642,-88.9224873586075,-89.0821537962819,6.99997212968282,6.54244652279699,3.65724485227403,3.65724485227403,1,0.09375,0.09375,1,normal
69,1,normal,7,19,0,29,7,27.9999777396387,27.9999777396387,0,0.583089847399733,-87.7864568467944,-90.3758982193005,9.8298179962874,8.05828119980165,3.99999681994839,3.70633010659605,1,0.137931034482759,0.137931034482759,0.935483870967742,normal
70,19,normal,5,13,0,25,5,15.0206033909414,15.0206033909414,0,0.40460293679803,-88.3459709308296,-89.5758524439582,6.98916647952105,6.2005675591448,3.00412067818828,2.84685005481682,1,0.12,0.12,1,normal
71,1,normal,5,15,0,20,2,9.4666036916882,9.4666036916882,0,0.211352386259968,-88.0889514318025,-91.0828040875422,8.920301283025,6.28621875176085,4.7333018458441,4.7333018458441,1,0.05,0.05,0.952380952380952,normal
72,14,normal,7,20,0,19,1,5.03714227477237,5.03714227477237,0,0.128863536955169,-86.7201993157331,-87.7142654748385,7.11142380228011,3.97363209496298,5.03714227477237,5.03714227477237,1,0.263157894736842,0.263157894736842,0.95,normal
73,19,normal,3,7,0,16,3,14.9122552588231,14.9122552588231,0,0.329692795838105,-91.0322899187759,-92.4696392964857,9.43762917637197,5.28189272565647,4.97075175294105,5.19123549705171,1,0.0625,0.0625,1,normal
74,10,normal,3,8,0,24,4,23.2420492792829,23.2420492792829,0,0.562236907298792,-90.5057145084056,-92.7356210264765,8.30002317527423,6.37599212732767,5.81051231982073,5.82060596110592,1,0.125,0.125,1,normal
75,15,normal,5,15,0,19,2,4.82849950592028,4.82849950592028,0,0.132521564905462,-88.1120444815826,-88.0056177601217,6.54457341384516,6.18530661499402,2.41424975296014,2.41424975296014,1,0.157894736842105,0.157894736842105,1,normal
76,20,normal,5,13,0,26,2,4.62239435746799,4.62239435746799,0,0.146418240040602,-88.9571674094145,-89.077914249791,5.27230833650108,4.45184233518964,2.311197178734,2.311197178734,1,0.230769230769231,0.230769230769231,0.962962962962963,normal
77,6,normal,1,2,0,21,2,14.8033639933557,14.8033639933557,0,0.342241941073509,-85.5182405596007,-85.3476648386967,8.44754777852766,7.39054447350969,7.40168199667783,7.40168199667783,1,0.0952380952380952,0.0952380952380952,0.954545454545455,normal
78,9,normal,3,9,0,24,1,6.0261324288648,6.0261324288648,0,0.144219196059282,-85.3478004520397,-87.2472907168155,8.03140660442698,6.22219925426439,6.0261324288648,6.0261324288648,1,0.166666666666667,0.166666666666667,1,normal
79,13,normal,6,16,0,21,2,9.46390927616616,9.46390927616616,0,0.299423491177103,-88.591598532458,-90.8907330942913,5.13124718389221,3.8974456339707,4.73195463808308,4.73195463808308,1,0.333333333333333,0.333333333333333,1,normal
80,6,normal,1,1,0,21,3,19.0902526333987,19.0902526333987,0,0.562679751163086,-88.1878953467771,-89.2353363355728,5.87561492124456,6.16246461948519,6.36341754446624,6.98640194808931,1,0.142857142857143,0.142857142857143,0.954545454545455,normal
81,2,normal,2,5,0,20,3,14.2833384017653,14.2833384017653,0,0.413595978036556,-89.8223591076697,-91.3344875443734,5.47463223854159,2.4910617158363,4.76111280058843,5.44386323110651,1,0.35,0.35,0.952380952380952,normal
82,1,normal,6,17,0,22,4,15.3525942358642,15.3525942358642,0,0.281034062025683,-85.4193778464579,-86.8984282620245,12.1775770843326,12.1526106705797,3.83814855896605,3.33537947510548,1,0.0454545454545455,0.0454545454545455,1,normal
83,17,normal,2,6,0,19,1,6.1299846715617,6.1299846715617,0,0.118832044181092,-87.545561377929,-87.158610698622,11.2032407214973,8.39439498682311,6.1299846715617,6.1299846715617,1,0.0526315789473684,0.0526315789473684,1,normal
84,5,normal,3,9,0,19,0,0,0,0,0,-88.6212030039058,-88.5629370319474,4.30526156788685,4.91530959152721,0,0,1,0.263157894736842,0.263157894736842,0.95,normal
85,6,normal,2,4,0,28,7,33.7193909162321,33.7193909162321,0,0.635281733199614,-89.4519043352069,-90.5751219167194,11.0088439043413,9.54459478300087,4.81705584517601,4.96358500585854,1,0.0714285714285714,0.0714285714285714,0.96551724137931,normal
86,7,normal,6,17,0,27,5,21.1231260418064,21.1231260418064,0,0.446623675456318,-87.2158337188601,-88.5928959649968,9.85626248931764,8.81004944532831,4.22462520836128,4.48846022161008,1,0.0740740740740741,0.0740740740740741,0.964285714285714,normal
87,3,normal,7,20,0,24,3,8.30572589987259,8.30572589987259,0,0.232326449557608,-88.1795960784426,-88.7770446927514,6.18416624484851,3.54964715546181,2.76857529995753,2.76076929117015,1,0.166666666666667,0.166666666666667,0.96,normal
88,14,normal,1,1,0,19,1,6.50664293521119,6.50664293521119,0,0.193368932388109,-87.8177762571229,-89.0792901074842,6.04550318560604,4.17576450450564,6.50664293521119,6.50664293521119,1,0.210526315789474,0.210526315789474,1,normal
89,11,normal,1,2,0,29,1,7.96788450386148,7.96788450386148,0,0.210162602840019,-86.1570182461413,-88.0566424991811,7.07578769543121,3.97304094351268,7.96788450386148,7.96788450386148,1,0.310344827586207,0.310344827586207,0.966666666666667,normal
90,17,normal,6,16,0,24,5,19.9265883332347,19.9265883332347,0,0.538546297677138,-87.3135585647595,-87.2999852996434,6.97290104882875,5.53390475018903,3.98531766664695,3.40612466543515,1,0.208333333333333,0.208333333333333,0.96,normal
91,15,normal,3,8,0,26,4,22.284146431795,22.284146431795,0,0.558211515343252,-87.2314438231372,-89.8444696529431,8.21438639863058,4.44232553617055,5.57103660794876,5.71533277392599,1,0.230769230769231,0.230769230769231,1,normal
92,19,normal,4,11,0,21,3,13.2618865018541,13.2618865018541,0,0.244876043280111,-87.9537682494153,-87.8764687107754,11.0454258374448,11.8006153464511,4.42062883395136,4.88896424424459,1,0.0476190476190476,0.0476190476190476,1,normal
93,12,normal,4,10,0,25,1,5.29475401957032,5.29475401957032,0,0.110963299363421,-87.1690509329826,-88.599352922775,9.62154823362645,9.50934679832179,5.29475401957032,5.29475401957032,1,0.12,0.12,0.961538461538462,normal
94,15,normal,6,17,0,21,3,15.0379356792358,15.0379356792358,0,0.519081778383974,-92.8330817258022,-93.1709198776594,4.63226774534105,4.33083060576749,5.01264522641193,4.72636915921525,1,0.285714285714286,0.285714285714286,1,normal
95,8,normal,7,20,0,18,3,12.2069690044385,12.2069690044385,0,0.318724523292657,-87.8613840212175,-86.2577633466419,6.93243513682079,2.77502552257322,4.06898966814618,5.15600961267241,1,0.388888888888889,0.388888888888889,0.9,normal
96,13,normal,2,5,0,28,3,18.700768610099,18.700768610099,0,0.474331737518603,-87.5394755746777,-90.2866975758764,7.26642617911136,4.6002269564613,6.23358953669967,7.09191042631132,1,0.178571428571429,0.178571428571429,1,normal
97,11,normal,6,17,0,22,1,1.17834744847281,1.17834744847281,0,0.0375930897465413,-89.340182971526,-89.1868909403768,5.22436813621614,5.89980752220152,1.17834744847281,1.17834744847281,1,0.272727272727273,0.272727272727273,1,normal
98,5,normal,5,14,0,14,2,9.13606912852355,9.13606912852355,0,0.17961776887218,-86.9517576455773,-85.9152621434612,11.0363160598871,9.60272120840963,4.56803456426178,4.56803456426178,1,0.142857142857143,0.142857142857143,1,normal
99,10,normal,7,20,0,24,3,7.98567116345249,7.98567116345249,0,0.2183081769095,-86.6868455370842,-87.5583996598736,6.51276162635417,5.19499008270951,2.6618903878175,2.38274407932538,1,0.166666666666667,0.166666666666667,1,normal
100,7,normal,4,10,0,18,2,6.48623747514034,6.48623747514034,0,0.138787489046563,-85.7453089263939,-86.967002593108,9.98220778168543,6.93740740994903,3.24311873757017,3.24311873757017,1,0.111111111111111,0.111111111111111,1,normal
101,20,normal,1,1,0,23,7,35.5422762261609,32.0965520767125,3.44572414944843,1.10735496265184,-89.6493352681232,-89.74468774841,5.13108237812511,3.78905911543726,4.58522172524464,4.70708570588375,1,0.260869565217391,0.260869565217391,1,normal
102,14,normal,3,9,0,18,2,9.85371140253567,9.85371140253567,0,0.336976330912823,-89.9098910196224,-92.0791948355904,5.41800980107208,3.03148144966884,4.92685570126784,4.92685570126784,1,0.222222222222222,0.222222222222222,1,normal
103,1,normal,1,3,0,14,1,5.51380783667826,5.51380783667826,0,0.136937944959388,-87.9428746527172,-88.526148956695,7.82574844638613,7.34758401141221,5.51380783667826,5.51380783667826,1,0.0714285714285714,0.0714285714285714,0.875,normal
104,18,normal,3,7,0,24,3,9.49024340914389,9.49024340914389,0,0.164353545039291,-87.4938364982617,-89.1343989802049,12.4623610879736,13.2745712619118,3.16341446971463,3.98108525144018,1,0,0,0.96,normal
105,8,normal,1,1,0,19,3,11.1776417238558,11.1776417238558,0,0.270859742281057,-85.6138709161843,-87.3935717284705,8.14240961036429,6.69995813003341,3.7258805746186,3.88824315224984,1,0.105263157894737,0.105263157894737,0.904761904761905,normal
106,7,normal,2,5,0,20,6,31.5140457084816,31.5140457084816,0,0.819305312945005,-86.3127127039459,-86.3708672947415,6.95043820903385,5.16933908779504,5.2523409514136,4.9016069819648,1,0.3,0.3,1,normal
107,14,normal,7,19,0,30,4,11.3424015127577,11.3424015127577,0,0.300828945228757,-91.7233878792815,-94.5497869431121,6.67778288137238,4.04395977563074,2.83560037818943,2.32556565127326,1,0.366666666666667,0.366666666666667,1,normal
108,2,normal,7,21,0,22,0,0,0,0,0,-87.9181680869365,-87.4496742557041,11.081455165072,10.851741172792,0,0,1,0.0454545454545455,0.0454545454545455,0.916666666666667,normal
109,4,normal,5,13,0,21,5,25.3745267683466,25.3745267683466,0,0.593064439654661,-85.0511518095576,-85.3158186844158,8.19297356818982,8.43646456103112,5.07490535366933,5.01475579702985,1,0.0952380952380952,0.0952380952380952,1,normal
110,10,normal,6,16,0,23,5,20.0627212380187,20.0627212380187,0,0.545728851686128,-87.6301447122927,-88.3983195855237,6.60540477325195,5.03013297836351,4.01254424760374,4.67220674840823,1,0.217391304347826,0.217391304347826,0.958333333333333,normal
111,15,normal,3,7,0,18,2,9.62713209343222,9.62713209343222,0,0.162878761239334,-86.6535738566848,-85.8691227943375,13.3004279139894,13.3154814827794,4.81356604671611,4.81356604671611,1,0,0,0.947368421052632,normal
112,20,normal,4,12,0,23,2,11.0737904812611,11.0737904812611,0,0.25761254353683,-86.4385307312316,-85.853527556111,8.15653131207746,6.46687450155484,5.53689524063055,5.53689524063055,1,0.0869565217391304,0.0869565217391304,1,normal
113,4,normal,5,15,0,30,7,35.4194687080298,35.4194687080298,0,0.749613948632707,-86.5803215484485,-84.8995566195847,9.63926855179795,8.91966495114697,5.05992410114711,6.05448216223903,1,0.1,0.1,1,normal
114,7,normal,6,18,0,17,2,5.81098149030961,5.81098149030961,0,0.122417007096945,-89.51539936609,-89.2754203239469,9.38039172011923,9.02498687322987,2.90549074515481,2.90549074515481,1,0.0588235294117647,0.0588235294117647,1,normal
115,20,normal,2,4,0,25,2,15.1374311045791,15.1374311045791,0,0.295664590382167,-89.463230623369,-90.4312654728397,10.5208583958467,8.93046708899423,7.56871555228953,7.56871555228953,1,0.04,0.04,1,normal
116,16,normal,4,11,0,22,5,24.8872782783803,24.8872782783803,0,0.445171257965266,-87.5727123705958,-89.2901050239037,12.6536682610978,12.7017011994101,4.97745565567606,4.69771288553268,1,0.0909090909090909,0.0909090909090909,0.916666666666667,normal
117,2,normal,3,9,0,27,7,30.4133388369366,27.6385264437714,2.77481239316519,1.10039653882454,-88.6647960700146,-92.0748652274994,3.97874754153389,2.38563543150863,3.94836092053877,3.62073832241181,1,0.37037037037037,0.37037037037037,0.931034482758621,normal
118,8,normal,5,15,0,27,4,17.2190126525492,17.2190126525492,0,0.375676980480157,-86.2438538215564,-86.1440531158187,8.97507130625786,9.16728865605472,4.3047531631373,4.37214531073612,1,0.111111111111111,0.111111111111111,1,normal
119,11,normal,5,13,0,25,4,15.1045302806645,15.1045302806645,0,0.393414802341806,-86.6581699831953,-85.5463558020468,7.45081048400866,6.38430259698564,3.77613257016614,3.09950374241838,1,0.2,0.2,1,normal
120,9,normal,6,17,0,21,2,5.95075882541124,5.95075882541124,0,0.161215779789121,-91.2729134521073,-90.1276539383761,6.75647409019542,6.30137778999501,2.97537941270562,2.97537941270562,1,0.142857142857143,0.142857142857143,0.91304347826087,normal
121,1,normal,5,13,0,23,3,15.344943029898,15.344943029898,0,0.546113953468464,-88.8071775273016,-90.2853098018673,4.56102520736357,1.74255991953322,5.114981009966,5.85837154680153,1,0.347826086956522,0.347826086956522,1,normal
122,9,normal,3,8,0,29,6,35.1372967779364,35.0400887979809,0.0972079799554786,1.00277419331087,-90.5603811708086,-90.6397090433964,6.01803977363549,5.39203477938593,5.84001479966349,6.81303167770666,1,0.241379310344828,0.241379310344828,1,normal
123,2,normal,1,3,0,26,4,22.0540096328643,22.0540096328643,0,0.550280174921691,-84.8056716038598,-87.2456679431276,7.42129005208222,5.01311145723976,5.51350240821606,5.62956876435147,1,0.269230769230769,0.269230769230769,0.962962962962963,normal
124,1,normal,1,1,0,25,3,11.7181191998241,11.7181191998241,0,0.308957885363262,-87.0151648632805,-89.6915708035781,6.70813602517033,4.10282830741739,3.90603973327469,2.73735668125022,1,0.24,0.24,0.925925925925926,normal
125,15,normal,2,6,0,37,6,16.0425296257255,16.0425296257255,0,0.379955824395234,-88.0952080087423,-89.4287826725097,8.30020694987941,7.55763092804486,2.67375493762092,2.52999921711786,1,0.189189189189189,0.189189189189189,0.973684210526316,normal
126,14,normal,4,11,0,24,4,17.1267608734562,17.1267608734562,0,0.256388307498793,-85.0134018143149,-84.8461116299696,14.7239613976671,15.79947632418,4.28169021836406,4.39686550313955,1,0.0833333333333333,0.0833333333333333,1,normal
127,11,normal,3,9,0,25,4,16.0566974246422,16.0566974246422,0,0.403282823635496,-85.1746635025561,-87.1687886619962,8.0055019299969,6.74764627970384,4.01417435616056,3.27032574747725,1,0.04,0.04,1,normal
128,13,normal,7,20,0,31,7,24.0113544018547,24.0113544018547,0,0.614825935959907,-87.1510150421853,-89.122721901402,7.19572882287258,5.34273613120857,3.43019348597925,2.84271057079697,1,0.225806451612903,0.225806451612903,1,normal
129,13,normal,7,21,0,29,5,24.5819925794763,24.5819925794763,0,0.463399945110304,-89.059741483519,-89.9560412718049,11.416867830168,10.6136163070561,4.91639851589526,4.76829680275762,1,0.0344827586206897,0.0344827586206897,1,normal
130,3,normal,5,13,0,19,3,9.65170232075489,9.65170232075489,0,0.308034046373059,-89.1472988076306,-89.7410176216517,5.12260998123509,3.30580921748994,3.2172341069183,3.40510516334301,1,0.263157894736842,0.263157894736842,0.904761904761905,normal
131,6,normal,6,16,0,24,3,18.2686498904218,18.2686498904218,0,0.539047499669371,-86.8969536205752,-88.5750299309911,5.67114649729171,3.59412778604104,6.08954996347393,6.66345026680248,1,0.166666666666667,0.166666666666667,1,normal
132,5,normal,2,4,0,24,3,5.73631546559008,5.73631546559008,0,0.107427898396837,-88.6366668926796,-88.9795045542158,10.8158661236816,12.5142435030698,1.91210515519669,1.62865286123364,1,0.125,0.125,1,normal
133,16,normal,3,8,0,30,2,10.7280098754686,10.7280098754686,0,0.230622859599845,-87.263833559538,-86.2114354115246,9.33619811675571,7.60615525308764,5.36400493773428,5.36400493773428,1,0.166666666666667,0.166666666666667,0.9375,normal
134,15,normal,4,10,0,25,4,20.635188115308,20.635188115308,0,0.517723493707726,-89.5054743702724,-90.3908769703183,7.95258401531937,5.28505979172592,5.15879702882701,5.03706514488036,1,0.24,0.24,1,normal
135,4,normal,4,11,0,20,2,7.68406714501859,7.68406714501859,0,0.13684375375989,-89.532225391254,-88.9535784493036,11.6607228424745,12.2241465339343,3.84203357250929,3.84203357250929,1,0.1,0.1,1,normal
136,17,normal,6,17,0,23,6,27.559758730774,27.559758730774,0,0.613205031743476,-86.7129512836966,-87.8122431621958,9.06856561162305,8.76543223433589,4.59329312179566,4.97758602577875,1,0.0869565217391304,0.0869565217391304,1,normal
137,20,normal,4,11,0,23,4,19.2548208736237,19.2548208736237,0,0.353536508395284,-87.8667168942609,-90.0592578063835,12.1133719967011,10.6872067136199,4.81370521840592,5.24402387620068,1,0.0869565217391304,0.0869565217391304,1,normal
138,2,normal,6,18,0,23,5,25.6664297558417,25.6664297558417,0,0.52351337776462,-89.4149004448635,-89.277621382803,10.6883763845737,8.17975831626062,5.13328595116834,6.18566766865569,1,0.0434782608695652,0.0434782608695652,1,normal
139,12,normal,5,13,0,17,3,14.8534401793569,14.8534401793569,0,0.410766166199024,-88.598118685631,-86.3967216525083,6.37796219353204,7.42464760539573,4.95114672645232,4.51433317725569,1,0.176470588235294,0.176470588235294,1,normal
140,21,normal,2,5,0,22,3,15.4263560427129,15.4263560427129,0,0.46538523161758,-88.912631468065,-88.7384233698236,5.61548586828537,5.27347720819521,5.14211868090431,5.84441467742581,1,0.181818181818182,0.181818181818182,0.956521739130435,normal
141,13,normal,3,8,0,22,3,7.25517116136996,7.25517116136996,0,0.181882567905151,-89.3092834365209,-89.2838262420631,7.47017979811443,7.10474786778603,2.41839038712332,1.67501009379582,1,0.318181818181818,0.318181818181818,1,normal
142,15,normal,2,4,0,29,5,28.643144821135,28.643144821135,0,0.578052862085189,-90.633062822328,-90.4572331407516,10.1545083913421,9.7938264257458,5.72862896422701,5.5373008360022,1,0.0689655172413793,0.0689655172413793,1,normal
143,15,normal,4,11,0,27,1,2.65744501835096,2.65744501835096,0,0.0572347089204659,-91.0668255902257,-92.1103305484718,9.12400299795176,8.99759064729846,2.65744501835096,2.65744501835096,1,0.222222222222222,0.222222222222222,1,normal
144,12,normal,1,2,0,21,4,15.2377038523114,15.2377038523114,0,0.402989571502332,-87.2331820058458,-85.5708018145722,6.67675489434332,7.19954271621177,3.80942596307785,4.26435083552223,1,0.19047619047619,0.19047619047619,0.954545454545455,normal
145,8,normal,6,16,0,17,3,15.0677032535444,15.0677032535444,0,0.343342292796679,-84.9325773458888,-87.7283297335106,9.41858762893338,5.86194114334286,5.02256775118145,5.83086131747117,1,0.0588235294117647,0.0588235294117647,0.944444444444444,normal
146,14,normal,1,2,0,18,4,19.4762309774612,19.4762309774612,0,0.511722105152218,-86.8954496658619,-88.617241469682,6.92259461423577,5.00876221514073,4.86905774436531,4.4585220420919,1,0.277777777777778,0.277777777777778,1,normal
147,17,normal,5,15,0,30,5,26.4312169454507,26.4312169454507,0,0.576739897710022,-88.262482913296,-87.7380896028663,9.07115552873114,8.07400163244594,5.28624338909013,5.90456065417299,1,0.2,0.2,1,normal
148,11,normal,7,19,0,28,4,17.9789674060654,17.9789674060654,0,0.384713853955433,-86.9015510642584,-88.0860447697328,9.09104195238952,7.9693972146801,4.49474185151634,4.41427696124135,1,0.214285714285714,0.214285714285714,0.933333333333333,normal
149,5,normal,4,10,0,25,3,14.5859304022124,14.5859304022124,0,0.343605843924105,-88.3685854278475,-88.1964979468875,8.3849426567901,7.70272323412786,4.86197680073747,4.24552814192422,1,0.2,0.2,1,normal
150,2,normal,6,17,0,22,5,24.9012736671055,24.9012736671055,0,0.65919472624278,-88.5081546644114,-90.0897297892781,7.27858818286004,5.34700939619783,4.98025473342111,5.08083047318899,1,0.181818181818182,0.181818181818182,1,normal
151,16001,degraded_sector,1,1,1,4,1,4.17850331139944,4.17850331139944,0,0.193275156673822,-93.3938983810238,-93.7672342562063,2.68192736616416,2.56605930483979,4.17850331139944,4.17850331139944,1,0,0,1,degraded
152,16002,degraded_sector,1,2,2,7,2,6.59644130220349,6.59644130220349,0,0.324279471754009,-94.1198877641777,-93.9960217166612,2.3085915954754,2.67396207066428,3.29822065110174,3.29822065110174,1,0.142857142857143,0.142857142857143,1,degraded
153,16003,degraded_sector,1,3,3,9,1,4.46741215796912,4.46741215796912,0,0.12420630810444,-88.1900951556631,-90.5363982264467,6.47990549019975,5.75932885811221,4.46741215796912,4.46741215796912,1,0.111111111111111,0.111111111111111,1,degraded
154,16004,degraded_sector,2,4,4,14,0,0,0,0,0,-95.8666632272557,-96.3339530836838,6.47266648590515,5.46966375184009,0,0,1,0,0,0.7,degraded
155,16005,degraded_sector,2,5,5,4,0,0,0,0,0,-91.3111031539511,-91.9681635119023,6.03500231037449,4.14835434847001,0,0,1,0,0,0.8,degraded
156,16006,degraded_sector,2,6,6,10,3,14.2532891854684,14.2532891854684,0,0.423059133374079,-92.9120037274687,-92.7323539545316,5.89335855794763,7.04722358197606,4.75109639515614,4.39757982345383,1,0.2,0.2,1,degraded
157,16007,degraded_sector,3,7,7,17,1,1.21418784946151,1.21418784946151,0,0.0302075862405531,-94.5984401274226,-93.6523268685173,7.39229641918116,7.20098600518344,1.21418784946151,1.21418784946151,1,0.117647058823529,0.117647058823529,1,degraded
158,16008,degraded_sector,3,8,8,8,2,7.64956301278943,7.64956301278943,0,0.229446762688606,-93.3111138709572,-95.1010914503061,5.32675508213816,5.19030474473402,3.82478150639471,3.82478150639471,1,0.375,0.375,0.888888888888889,degraded
159,16009,degraded_sector,3,9,9,9,1,3.45160799201728,3.45160799201728,0,0.103955081407996,-90.6736425410917,-90.1594565096177,5.84465863687563,6.33406381134101,3.45160799201728,3.45160799201728,1,0.111111111111111,0.111111111111111,1,degraded
160,16010,degraded_sector,4,10,10,10,0,0,0,0,0,-94.2712421699851,-95.9908578912502,4.40290605049482,2.92348608323467,0,0,1,0.4,0.4,1,degraded
161,16011,degraded_sector,4,11,11,13,0,0,0,0,0,-94.1040035142953,-93.7440294245524,6.82985167715674,6.05328783334597,0,0,1,0.230769230769231,0.230769230769231,1,degraded
162,16012,degraded_sector,4,12,12,9,2,4.15880192457499,4.15880192457499,0,0.110566518425272,-89.514327394223,-89.0641035711373,6.5866920578199,4.85760740624094,2.07940096228749,2.07940096228749,1,0.222222222222222,0.222222222222222,0.9,degraded
163,16013,degraded_sector,5,13,13,8,2,11.1299492501711,11.1299492501711,0,0.382751735073723,-87.8677781120195,-88.5233727620232,4.53871820812231,4.95526527042003,5.56497462508556,5.56497462508556,1,0.25,0.25,0.888888888888889,degraded
164,16014,degraded_sector,5,14,14,19,5,24.8556092008011,24.8556092008011,0,0.728431199756583,-96.6175673820247,-96.9174516135374,5.91963298704903,6.75070496916859,4.97112184016022,4.91915398708691,1,0.210526315789474,0.210526315789474,0.95,degraded
165,16015,degraded_sector,5,15,15,16,2,10.6601870093813,10.6601870093813,0,0.361203013051766,-94.1373163759254,-94.3374750817372,4.70468099381328,4.40731094368506,5.33009350469066,5.33009350469066,1,0.3125,0.3125,0.941176470588235,degraded
166,16016,degraded_sector,6,16,16,11,0,0,0,0,0,-89.0407441270784,-91.0866342008532,9.24459274676727,11.4337016752793,0,0,1,0.0909090909090909,0.0909090909090909,0.916666666666667,degraded
167,16017,degraded_sector,6,17,17,11,2,2.40604031343655,2.40604031343655,0,0.083500776014771,-93.8351523199259,-93.8806524701477,4.24570934539113,2.9094095756962,1.20302015671827,1.20302015671827,1,0.272727272727273,0.272727272727273,1,degraded
168,16018,degraded_sector,6,18,18,18,1,5.32571084404846,5.32571084404846,0,0.130798000708012,-91.8451321844638,-94.7712968288635,8.3220840310323,6.09630454063161,5.32571084404846,5.32571084404846,1,0.0555555555555556,0.0555555555555556,1,degraded
169,16019,degraded_sector,7,19,19,10,0,0,0,0,0,-92.3026908587051,-92.4532403308909,5.08733195617206,4.2319825518845,0,0,1,0.2,0.2,1,degraded
170,16020,degraded_sector,7,20,20,7,1,7.10990619055215,7.10990619055215,0,0.266682364563451,-92.1619381618101,-90.4245870975318,3.92679510547642,2.76542291506857,7.10990619055215,7.10990619055215,1,0.285714285714286,0.285714285714286,1,degraded
171,16021,degraded_sector,7,21,21,16,7,33.6002489894263,33.6002489894263,0,0.826879773377407,-95.1882526461268,-97.0589238703742,7.56344792407955,7.30059045723962,4.80003556991805,4.69065522116885,1,0.1875,0.1875,0.888888888888889,degraded
172,16022,degraded_sector,1,1,1,9,0,0,0,0,0,-94.6956969866261,-94.989077064076,1.76494507700131,2.13417425977976,0,0,1,0.111111111111111,0.111111111111111,0.9,degraded
173,16023,degraded_sector,1,2,2,5,1,6.17920714053725,6.17920714053725,0,0.228461588324163,-91.285131657529,-92.9330524015966,4.06315016425895,5.37453140443575,6.17920714053725,6.17920714053725,1,0.2,0.2,0.625,degraded
174,16024,degraded_sector,1,3,3,6,2,4.12549162522444,4.12549162522444,0,0.18883356150086,-95.1331110325417,-95.755174407077,2.24404767650496,1.2240700124387,2.06274581261222,2.06274581261222,1,0.333333333333333,0.333333333333333,1,degraded
175,16025,degraded_sector,2,4,4,15,0,0,0,0,0,-93.0357636278037,-91.9213497872178,7.28743503114134,7.54551981804412,0,0,1,0.2,0.2,0.833333333333333,degraded
176,16026,degraded_sector,2,5,5,9,0,0,0,0,0,-92.6279966239137,-96.4123980280211,3.76436394591273,0.469450893855903,0,0,1,0.555555555555556,0.555555555555556,1,degraded
177,16027,degraded_sector,2,6,6,7,1,7.63125401382765,7.63125401382765,0,0.284143037346064,-94.435107092566,-95.9793439345824,3.96020061432409,3.59394026279239,7.63125401382765,7.63125401382765,1,0.285714285714286,0.285714285714286,1,degraded
178,16028,degraded_sector,3,7,7,13,1,2.16733832330907,2.16733832330907,0,0.0442420585441275,-90.3253714996099,-91.2345256397465,10.0973504156212,8.45995675468066,2.16733832330907,2.16733832330907,1,0.0769230769230769,0.0769230769230769,0.8125,degraded
179,16029,degraded_sector,3,8,8,8,1,3.83760238619154,3.83760238619154,0,0.101805485119552,-93.8768937746241,-95.4141311090202,6.57925916134148,2.76563758010597,3.83760238619154,3.83760238619154,1,0.25,0.25,1,degraded
180,16030,degraded_sector,3,9,9,14,3,4.72033657375995,4.72033657375995,0,0.200781936905752,-93.6137038512134,-95.7404321229519,2.76709331642366,1.20285412565604,1.57344552458665,1.21715626861496,1,0.357142857142857,0.357142857142857,1,degraded
181,16031,degraded_sector,4,10,10,9,2,8.0932253385608,8.0932253385608,0,0.320353140098074,-95.5024100422104,-95.2089648102631,3.70869371779174,1.88191021385973,4.0466126692804,4.0466126692804,1,0.222222222222222,0.222222222222222,1,degraded
182,16032,degraded_sector,4,11,11,17,3,12.0092165049496,12.0092165049496,0,0.364462671999841,-95.2203595164263,-95.8143777697938,5.58910380198885,3.33710555801582,4.00307216831652,4.47787171182311,1,0.176470588235294,0.176470588235294,0.894736842105263,degraded
183,16033,degraded_sector,4,12,12,11,1,2.67976931348837,2.67976931348837,0,0.107563391513015,-91.23651183826,-93.935454666069,4.06357352848802,0.960368527115308,2.67976931348837,2.67976931348837,1,0.363636363636364,0.363636363636364,0.916666666666667,degraded
184,16034,degraded_sector,5,13,13,7,1,7.61000472593044,7.61000472593044,0,0.209704919610801,-92.329510627429,-93.0942504769229,6.27922899182873,3.20570353151405,7.61000472593044,7.61000472593044,1,0.142857142857143,0.142857142857143,1,degraded
185,16035,degraded_sector,5,14,14,13,2,13.3437970902475,13.3437970902475,0,0.356302398761411,-96.2750816277288,-98.004571089445,6.71040552888963,5.36450040475719,6.67189854512373,6.67189854512373,1,0.153846153846154,0.153846153846154,0.928571428571429,degraded
186,16036,degraded_sector,5,15,15,12,2,10.0855347791795,10.0855347791795,0,0.243475728065393,-89.7818881075449,-90.4587844604269,8.94960366067772,7.2625092290738,5.04276738958973,5.04276738958973,1,0.0833333333333333,0.0833333333333333,1,degraded
187,16037,degraded_sector,6,16,16,8,0,0,0,0,0,-93.3011709658485,-90.9213916234424,3.57063307315099,3.42437523444057,0,0,1,0.25,0.25,1,degraded
188,16038,degraded_sector,6,17,17,15,1,4.8896284665733,4.8896284665733,0,0.178655359353822,-92.5738704459504,-92.984778247764,4.0763473069732,3.12345528429309,4.8896284665733,4.8896284665733,1,0.333333333333333,0.333333333333333,1,degraded
189,16039,degraded_sector,6,18,18,9,1,1.2108259793612,1.2108259793612,0,0.0251510552296349,-93.6111018549246,-90.6513428034883,9.2248424591948,10.7045540523299,1.2108259793612,1.2108259793612,1,0.111111111111111,0.111111111111111,0.692307692307692,degraded
190,16040,degraded_sector,7,19,19,5,3,15.5031416359859,15.5031416359859,0,0.457212287049509,-92.4117380576951,-91.8699117493768,6.2378895884564,5.53233582351296,5.16771387866195,5.47406398374487,1,0,0,0.833333333333333,degraded
191,16041,degraded_sector,7,20,20,8,1,5.37089375429063,5.37089375429063,0,0.209524412991893,-93.482108149883,-94.7563391457222,3.39386840588069,2.48673031360283,5.37089375429063,5.37089375429063,1,0.375,0.375,0.888888888888889,degraded
192,16042,degraded_sector,7,21,21,14,2,11.6417571376978,11.6417571376978,0,0.354994370090859,-95.8099493639747,-96.359761378657,5.80936636972865,6.53575646457204,5.82087856884889,5.82087856884889,1,0.0714285714285714,0.0714285714285714,0.875,degraded
193,16043,degraded_sector,1,1,1,9,1,5.16606524954356,5.16606524954356,0,0.134728510935527,-86.1863619377266,-84.8381985976451,6.92635773714843,7.52381014152389,5.16606524954356,5.16606524954356,1,0.111111111111111,0.111111111111111,1,degraded
194,16044,degraded_sector,1,2,2,12,0,0,0,0,0,-90.3880827884255,-89.7382869450944,2.57525091005531,1.85509711016098,0,0,1,0.416666666666667,0.416666666666667,0.923076923076923,degraded
195,16045,degraded_sector,1,3,3,2,0,0,0,0,0,-86.5241020480314,-86.5241020480314,7.32533548716748,7.32533548716748,0,0,1,0,0,1,degraded
196,16046,degraded_sector,2,4,4,6,0,0,0,0,0,-93.4001972803718,-95.467347742517,6.42591836389083,4.6758802134025,0,0,1,0.166666666666667,0.166666666666667,0.666666666666667,degraded
197,16047,degraded_sector,2,5,5,7,3,13.0195818848791,13.0195818848791,0,0.480305862029666,-91.0376618311753,-88.3430519336173,3.74923519494571,2.18939476952988,4.33986062829303,2.66537526247997,1,0.571428571428571,0.571428571428571,0.875,degraded
198,16048,degraded_sector,2,6,6,6,1,2.61582056224169,2.61582056224169,0,0.0749940797042935,-89.0440941713715,-88.1057489920948,6.08874096260966,6.55327526767263,2.61582056224169,2.61582056224169,1,0.333333333333333,0.333333333333333,1,degraded
199,16049,degraded_sector,3,7,7,16,2,12.920074528105,12.920074528105,0,0.375810888242348,-96.8541301511459,-95.8639165764939,6.05147489039655,5.61129045885836,6.4600372640525,6.4600372640525,1,0.0625,0.0625,0.941176470588235,degraded
200,16050,degraded_sector,3,8,8,8,0,0,0,0,0,-90.3333785690733,-91.0504785188917,6.68486539710307,6.53328524543479,0,0,1,0.125,0.125,1,degraded
201,16051,degraded_sector,3,9,9,7,1,3.75962094912976,3.75962094912976,0,0.162996043320951,-92.9682178501832,-91.3981381565918,2.92192299626408,2.72563999436155,3.75962094912976,3.75962094912976,1,0.428571428571429,0.428571428571429,1,degraded
202,16052,degraded_sector,4,10,10,11,1,6.63109540584949,6.63109540584949,0,0.172207808948825,-93.1539483990723,-89.9089865227175,7.00847051238146,7.31987020486897,6.63109540584949,6.63109540584949,1,0.181818181818182,0.181818181818182,0.916666666666667,degraded
203,16053,degraded_sector,4,11,11,12,4,14.7980988101497,14.7980988101497,0,0.447462024293447,-96.5177640509769,-96.8804005956827,5.69170094523444,5.04408695822734,3.69952470253742,3.84895707743604,1,0.166666666666667,0.166666666666667,0.75,degraded
204,16054,degraded_sector,4,12,12,7,0,0,0,0,0,-88.9028207218426,-87.0480898824503,2.77983434931687,3.52536386546248,0,0,1,0.428571428571429,0.428571428571429,0.875,degraded
205,16055,degraded_sector,5,13,13,12,2,6.20818196391619,6.20818196391619,0,0.231370113386292,-92.5803193894773,-93.1645745210424,3.59003486781171,2.34127625496095,3.10409098195809,3.10409098195809,1,0.25,0.25,1,degraded
206,16056,degraded_sector,5,14,14,17,0,0,0,0,0,-95.4985734353153,-97.8307762200852,6.1752579884459,4.99929944683357,0,0,1,0.294117647058824,0.294117647058824,0.894736842105263,degraded
207,16057,degraded_sector,5,15,15,9,0,0,0,0,0,-93.7168440490848,-91.2743357028514,4.81075276167144,4.64093576273628,0,0,1,0.111111111111111,0.111111111111111,0.818181818181818,degraded
208,16058,degraded_sector,6,16,16,6,0,0,0,0,0,-92.1665296398983,-93.6319466612495,4.78810383131056,4.71669155664623,0,0,1,0.166666666666667,0.166666666666667,1,degraded
209,16059,degraded_sector,6,17,17,12,1,2.25301222654487,2.25301222654487,0,0.0891566370561805,-94.1522666609543,-95.712221714319,3.46790051845591,3.23375201551312,2.25301222654487,2.25301222654487,1,0.25,0.25,0.923076923076923,degraded
210,16060,degraded_sector,6,18,18,15,2,4.06427068988297,4.06427068988297,0,0.120265672169488,-94.8957047094091,-96.8112524300281,5.88911155122187,3.44046276967441,2.03213534494149,2.03213534494149,1,0,0,0.833333333333333,degraded
211,16061,degraded_sector,7,19,19,14,2,11.8814420128549,11.8814420128549,0,0.342820440122001,-91.7099494798793,-93.9826129959755,6.45671660142482,4.22706605407154,5.94072100642747,5.94072100642747,1,0.0714285714285714,0.0714285714285714,1,degraded
212,16062,degraded_sector,7,20,20,6,1,6.20674048027994,6.20674048027994,0,0.212812285586098,-90.3955851963462,-89.8175306654356,4.72772245165171,4.57293307949647,6.20674048027994,6.20674048027994,1,0.166666666666667,0.166666666666667,0.857142857142857,degraded
213,16063,degraded_sector,7,21,21,12,2,6.12251575922374,6.12251575922374,0,0.189192744425592,-97.4715275783176,-98.0381580929463,5.62726112769038,4.79087640136563,3.06125787961187,3.06125787961187,1,0.0833333333333333,0.0833333333333333,0.923076923076923,degraded
214,16064,degraded_sector,1,1,1,8,1,3.71274609789756,3.71274609789756,0,0.154294819601251,-92.082536712918,-92.5529881121837,3.13609511391345,2.31567841229599,3.71274609789756,3.71274609789756,1,0.125,0.125,0.888888888888889,degraded
215,16065,degraded_sector,1,2,2,11,2,10.1082073005618,10.1082073005618,0,0.263549139909743,-87.4653623350083,-87.4089764167156,6.78923647112197,5.68387799096219,5.05410365028088,5.05410365028088,1,0.272727272727273,0.272727272727273,0.916666666666667,degraded
216,16066,degraded_sector,1,3,3,8,1,6.18131806319725,6.18131806319725,0,0.224362824690313,-91.5063135691285,-90.6697959576318,4.04826482052323,3.5867169682459,6.18131806319725,6.18131806319725,1,0.25,0.25,1,degraded
217,16067,degraded_sector,2,4,4,13,2,8.64435154121943,8.64435154121943,0,0.270557089155323,-96.5921068517013,-97.7958131489853,5.41235127294313,4.09498296051626,4.32217577060972,4.32217577060972,1,0.0769230769230769,0.0769230769230769,0.8125,degraded
218,16068,degraded_sector,2,5,5,2,0,0,0,0,0,-91.1447985827054,-91.1447985827054,6.33245168126459,6.33245168126459,0,0,1,0.5,0.5,1,degraded
219,16069,degraded_sector,2,6,6,7,1,3.39376290736761,3.39376290736761,0,0.125460350595739,-92.6765669761789,-91.4722984653039,4.17922742385438,2.63435450168852,3.39376290736761,3.39376290736761,1,0.285714285714286,0.285714285714286,1,degraded
220,16070,degraded_sector,3,7,7,14,3,14.837648569168,14.837648569168,0,0.403339457793555,-95.0787699876689,-94.0220679980191,6.4565828690648,7.62895601821759,4.94588285638934,4.50484599931786,1,0.214285714285714,0.214285714285714,1,degraded
221,16071,degraded_sector,3,8,8,13,2,8.91306121523501,8.91306121523501,0,0.224890735974622,-90.4657982076208,-89.6029940350943,7.24391802087107,6.92959468325424,4.4565306076175,4.4565306076175,1,0.230769230769231,0.230769230769231,0.866666666666667,degraded
222,16072,degraded_sector,3,9,9,6,1,7.55390937984025,7.55390937984025,0,0.217509474403714,-89.0456616794358,-90.0003266868635,6.10476425818484,6.00470371483303,7.55390937984025,7.55390937984025,1,0.166666666666667,0.166666666666667,1,degraded
223,16073,degraded_sector,4,10,10,9,0,0,0,0,0,-91.6776576110173,-92.6248785458867,6.40750625628192,6.13324171936229,0,0,1,0.333333333333333,0.333333333333333,1,degraded
224,16074,degraded_sector,4,11,11,12,1,3.61482584596142,3.61482584596142,0,0.109862872278486,-95.1174054265628,-96.1576081885024,5.32809152768374,3.30644650758769,3.61482584596142,3.61482584596142,1,0.0833333333333333,0.0833333333333333,0.857142857142857,degraded
225,16075,degraded_sector,4,12,12,7,1,3.70089306890152,3.70089306890152,0,0.144541103239284,-91.6854361584975,-91.7102267892572,3.88501002768583,3.66738870054407,3.70089306890152,3.70089306890152,1,0,0,1,degraded
226,16076,degraded_sector,5,13,13,6,2,9.86221660202405,9.86221660202405,0,0.222964348016363,-87.9364369293197,-85.3610195632956,8.39408740720919,8.01224642052793,4.93110830101203,4.93110830101203,1,0,0,1,degraded
227,16077,degraded_sector,5,14,14,14,2,14.6988593085652,14.6988593085652,0,0.430241816657613,-94.7603391177501,-95.341527479963,6.26420407232151,6.02130360879724,7.34942965428258,7.34942965428258,1,0.0714285714285714,0.0714285714285714,0.7,degraded
228,16078,degraded_sector,5,15,15,10,3,9.35757568004922,9.35757568004922,0,0.233261734199879,-91.0678639653017,-88.4343818099268,7.58132441629334,7.59369409048593,3.11919189334974,3.38647099544798,1,0.1,0.1,1,degraded
229,16079,degraded_sector,6,16,16,5,1,4.5501978177384,4.5501978177384,0,0.11064908659648,-91.141254083242,-93.7901943066226,7.38157113410951,2.51407258167057,4.5501978177384,4.5501978177384,1,0.2,0.2,1,degraded
230,16080,degraded_sector,6,17,17,8,1,4.35989752917989,4.35989752917989,0,0.112513551814894,-89.4898470273661,-92.5767598872844,7.21931542094691,8.09493527525377,4.35989752917989,4.35989752917989,1,0.125,0.125,1,degraded
231,16081,degraded_sector,6,18,18,15,0,0,0,0,0,-90.6536450914678,-92.5038872963839,7.65333732558123,7.55549293838708,0,0,1,0.2,0.2,0.882352941176471,degraded
232,16082,degraded_sector,7,19,19,9,3,14.7631224583413,14.7631224583413,0,0.557243898790555,-94.4750537121886,-94.2030606185009,3.54300493059947,2.69874326418915,4.92104081944711,4.15576365007515,1,0.444444444444444,0.444444444444444,0.818181818181818,degraded
233,16083,degraded_sector,7,20,20,12,4,19.5800581475429,19.5800581475429,0,0.65630803010654,-91.1352870658712,-89.3376302431102,4.64720804363386,4.37410708708821,4.89501453688572,5.45787214367321,1,0.25,0.25,1,degraded
234,16084,degraded_sector,7,21,21,18,3,18.5799039254786,18.5799039254786,0,0.459898579890646,-95.9982145712197,-97.4563888905651,7.55414080160026,8.6805161380813,6.19330130849288,6.52730313111289,1,0.111111111111111,0.111111111111111,1,degraded
235,16085,degraded_sector,1,1,1,8,0,0,0,0,0,-88.0720862127957,-90.1621813828953,6.10873990582497,6.17211044565143,0,0,1,0.125,0.125,0.888888888888889,degraded
236,16086,degraded_sector,1,2,2,10,1,6.2556917126265,6.2556917126265,0,0.270722020230063,-91.6288030788438,-91.1307403804007,2.95665023002631,3.18471412965514,6.2556917126265,6.2556917126265,1,0.3,0.3,0.909090909090909,degraded
237,16087,degraded_sector,1,3,3,5,1,6.10543915139592,6.10543915139592,0,0.192724267119307,-93.2788921126274,-92.9772339697758,4.57144211421832,3.71334426825283,6.10543915139592,6.10543915139592,1,0.4,0.4,1,degraded
238,16088,degraded_sector,2,4,4,18,1,1.66015913939941,1.66015913939941,0,0.0557613467674078,-94.7283796982056,-96.5689881065226,4.85592971770764,3.68039500864811,1.66015913939941,1.66015913939941,1,0.0555555555555556,0.0555555555555556,0.9,degraded
239,16089,degraded_sector,2,5,5,10,2,9.94696265040782,9.94696265040782,0,0.395885404121445,-90.5495037677436,-90.7783158838143,3.52775273050232,2.88094923478346,4.97348132520391,4.97348132520391,1,0.3,0.3,0.909090909090909,degraded
240,16090,degraded_sector,2,6,6,15,1,2.68789418405352,2.68789418405352,0,0.0914946969243972,-94.5688576091846,-94.2866914109221,4.63770990495412,3.4146207226257,2.68789418405352,2.68789418405352,1,0.133333333333333,0.133333333333333,1,degraded
241,16091,degraded_sector,3,7,7,15,2,10.3517381690561,10.3517381690561,0,0.270798453978006,-94.2168904983431,-93.7558984046192,7.01554524406064,5.38814107146864,5.17586908452803,5.17586908452803,1,0,0,0.882352941176471,degraded
242,16092,degraded_sector,3,8,8,12,4,14.0806249541911,14.0806249541911,0,0.594910794990249,-95.7160237619654,-96.0734503597385,3.17122073198958,3.10401283148584,3.52015623854777,3.1683598563595,1,0.166666666666667,0.166666666666667,1,degraded
243,16093,degraded_sector,3,9,9,8,2,7.18600167045226,7.18600167045226,0,0.392099717508797,-93.1308427981435,-92.9121208293325,1.33457996680257,0.58439845760052,3.59300083522613,3.59300083522613,1,0.5,0.5,1,degraded
244,16094,degraded_sector,4,10,10,8,1,5.59386770121816,5.59386770121816,0,0.247064292856201,-96.2796561118948,-97.4804978139466,2.78249043929758,2.13515593177431,5.59386770121816,5.59386770121816,1,0.5,0.5,1,degraded
245,16095,degraded_sector,4,11,11,8,0,0,0,0,0,-93.3390351292672,-92.6055689704296,6.70596938454174,7.23372748767677,0,0,1,0.125,0.125,0.666666666666667,degraded
246,16096,degraded_sector,4,12,12,13,2,4.24776785336464,4.24776785336464,0,0.121860401633807,-88.7691081262874,-89.7008652009844,6.06057387751163,4.65912167467896,2.12388392668232,2.12388392668232,1,0.230769230769231,0.230769230769231,1,degraded
247,16097,degraded_sector,5,13,13,9,1,7.88793038532118,7.88793038532118,0,0.251835895131686,-89.928868459217,-89.4830003050161,5.21204311244691,4.59823264157464,7.88793038532118,7.88793038532118,1,0.111111111111111,0.111111111111111,1,degraded
248,16098,degraded_sector,5,14,14,21,3,17.4338179379012,17.4338179379012,0,0.487238193289977,-92.9732099425919,-93.5381327149505,6.18942599202032,4.05151947820395,5.81127264596707,5.05112816298663,1,0.333333333333333,0.333333333333333,1,degraded
249,16099,degraded_sector,5,15,15,7,1,3.29141261740055,3.29141261740055,0,0.103757505304781,-92.0116900377549,-93.4885507621229,5.43037416948293,5.72253664016807,3.29141261740055,3.29141261740055,1,0.142857142857143,0.142857142857143,1,degraded
250,16100,degraded_sector,6,16,16,10,0,0,0,0,0,-92.9319538461133,-93.9776259566865,4.36393213014879,3.44909254526094,0,0,1,0.3,0.3,1,degraded
251,16101,degraded_sector,6,17,17,13,2,8.1447721072802,8.1447721072802,0,0.306449553640869,-94.3609957877628,-95.5040953428548,3.46203407754939,0.939088609622317,4.0723860536401,4.0723860536401,1,0.461538461538462,0.461538461538462,1,degraded
252,16102,degraded_sector,6,18,18,14,1,6.13861920832562,6.13861920832562,0,0.185367980836862,-92.9037697454548,-93.2329589697202,5.68210346116952,5.22701034982447,6.13861920832562,6.13861920832562,1,0.142857142857143,0.142857142857143,0.823529411764706,degraded
253,16103,degraded_sector,7,19,19,10,0,0,0,0,0,-93.0639794029717,-95.2771270949315,4.64029888846945,3.67755269129589,0,0,1,0.2,0.2,0.833333333333333,degraded
254,16104,degraded_sector,7,20,20,6,1,3.32180933880032,3.32180933880032,0,0.117244142417131,-90.6139671524133,-92.2813605683343,4.30449512687767,2.52873586763307,3.32180933880032,3.32180933880032,1,0,0,1,degraded
255,16105,degraded_sector,7,21,21,12,1,4.61626640125007,4.61626640125007,0,0.121869267631103,-95.9295831135307,-95.5973684763669,7.07746518730389,6.1597566147694,4.61626640125007,4.61626640125007,1,0.0833333333333333,0.0833333333333333,0.923076923076923,degraded
256,16106,degraded_sector,1,1,1,10,1,2.52670366722175,2.52670366722175,0,0.0652880776039235,-86.4367504532107,-85.9693105054495,7.19283635174495,6.1314711883551,2.52670366722175,2.52670366722175,1,0.2,0.2,1,degraded
257,16107,degraded_sector,1,2,2,5,1,4.74185465472758,4.74185465472758,0,0.107372953024968,-87.6489581557359,-88.9933933385493,8.92827005265707,8.69371569945351,4.74185465472758,4.74185465472758,1,0,0,1,degraded
258,16108,degraded_sector,1,3,3,10,0,0,0,0,0,-94.0656789809951,-96.3769632974673,1.293844397569,0.627607290927478,0,0,1,0.6,0.6,0.833333333333333,degraded
259,16109,degraded_sector,2,4,4,8,0,0,0,0,0,-91.4983301359764,-89.7653823077004,3.94497357152802,3.53089275016311,0,0,1,0.25,0.25,0.888888888888889,degraded
260,16110,degraded_sector,2,5,5,10,2,8.59529157968775,8.59529157968775,0,0.260757476219141,-89.9601812350673,-92.681301761861,5.48442954907368,5.02685035116325,4.29764578984387,4.29764578984387,1,0.2,0.2,1,degraded
261,16111,degraded_sector,2,6,6,5,0,0,0,0,0,-92.7311820219972,-92.519014047324,6.1672608344732,4.5300431997124,0,0,1,0,0,0.833333333333333,degraded
262,16112,degraded_sector,3,7,7,15,1,7.60059804915863,7.60059804915863,0,0.21307948770599,-96.136639447424,-97.2833976664369,6.30634719192932,6.85772374478151,7.60059804915863,7.60059804915863,1,0.0666666666666667,0.0666666666666667,0.882352941176471,degraded
263,16113,degraded_sector,3,8,8,11,2,13.8707082302725,13.8707082302725,0,0.348618307245373,-91.6262299333489,-90.4407790315448,7.32907582530607,4.73023481837331,6.93535411513623,6.93535411513623,1,0.181818181818182,0.181818181818182,0.916666666666667,degraded
264,16114,degraded_sector,3,9,9,6,0,0,0,0,0,-90.1154085236793,-92.800092387753,7.05004702753165,4.01774743924113,0,0,1,0,0,1,degraded
265,16115,degraded_sector,4,10,10,14,3,7.97346684614818,7.97346684614818,0,0.245958115708851,-90.6100371280172,-89.8791593550842,5.21536936699007,3.36734788325414,2.65782228204939,2.54584456068749,1,0.285714285714286,0.285714285714286,0.933333333333333,degraded
266,16116,degraded_sector,4,11,11,12,5,14.2799160144688,14.2799160144688,0,0.392068115074035,-96.4096186005608,-96.4899652085115,6.64613003392724,5.89625475778363,2.85598320289376,2.44620016288767,1,0.166666666666667,0.166666666666667,0.857142857142857,degraded
267,16117,degraded_sector,4,12,12,10,1,5.60101780518002,5.60101780518002,0,0.277587039241274,-92.9589422155799,-93.3635002445936,2.00769512993552,2.74971614631381,5.60101780518002,5.60101780518002,1,0.3,0.3,1,degraded
268,16118,degraded_sector,5,13,13,10,2,8.27523250746116,8.27523250746116,0,0.248957344138307,-90.3504495062268,-91.3185852263417,5.47109460641338,2.50009189623118,4.13761625373058,4.13761625373058,1,0.1,0.1,1,degraded
269,16119,degraded_sector,5,14,14,14,1,6.98273502605076,6.98273502605076,0,0.197692021287191,-94.7919287332619,-97.7607690913409,6.62816088098307,5.70126024694948,6.98273502605076,6.98273502605076,1,0,0,1,degraded
270,16120,degraded_sector,5,15,15,12,1,3.70631266573634,3.70631266573634,0,0.116674606439104,-90.7533414902447,-89.6965314968784,5.15833341772895,3.88024767566997,3.70631266573634,3.70631266573634,1,0.25,0.25,0.923076923076923,degraded
271,16121,degraded_sector,6,16,16,10,3,16.7876656709624,16.7876656709624,0,0.471462504712537,-92.734688415054,-91.574835723179,6.42370168478348,7.59479666348797,5.59588855698747,4.67820433061908,1,0.1,0.1,1,degraded
272,16122,degraded_sector,6,17,17,13,2,14.1738283543179,14.1738283543179,0,0.542164907629449,-93.7143077766824,-94.4172863557271,3.83177085723684,5.60375317402505,7.08691417715894,7.08691417715894,1,0.307692307692308,0.307692307692308,0.928571428571429,degraded
273,16123,degraded_sector,6,18,18,15,3,8.69276566447191,8.69276566447191,0,0.249005366286487,-94.1405021555833,-96.2370685212563,6.03171741828512,4.28062582072229,2.89758855482397,3.53860562983685,1,0.2,0.2,0.882352941176471,degraded
274,16124,degraded_sector,7,19,19,8,1,3.77573506455674,3.77573506455674,0,0.151364852954299,-96.4780613077297,-96.1353597135255,3.23460403301883,2.19865127326431,3.77573506455674,3.77573506455674,1,0.375,0.375,1,degraded
275,16125,degraded_sector,7,20,20,9,4,18.5885242738374,18.5885242738374,0,0.704353175690102,-92.5856264648773,-90.7521795976692,3.34788717537461,2.39533634049957,4.64713106845935,4.71261656065242,1,0.444444444444444,0.444444444444444,0.818181818181818,degraded
276,16126,degraded_sector,7,21,21,10,2,5.75575504690775,5.75575504690775,0,0.182627248401139,-99.3345188522861,-100.287361088268,5.40649485829748,4.09044695290026,2.87787752345388,2.87787752345388,1,0,0,0.909090909090909,degraded
277,16127,degraded_sector,1,1,1,12,1,4.12750382274,4.12750382274,0,0.133434016300361,-89.2632838449656,-90.1739189337228,4.85105465972506,3.76821300012792,4.12750382274,4.12750382274,1,0.166666666666667,0.166666666666667,1,degraded
278,16128,degraded_sector,1,2,2,7,0,0,0,0,0,-89.8476646340285,-89.6142413100215,6.54695024325076,7.67520588326445,0,0,1,0.285714285714286,0.285714285714286,1,degraded
279,16129,degraded_sector,1,3,3,10,3,19.1901260377968,19.1901260377968,0,0.650790817071874,-89.0427592841212,-88.8485326038333,4.54978237452339,4.61661124400483,6.39670867926561,6.75205440866327,1,0.4,0.4,1,degraded
280,16130,degraded_sector,2,4,4,18,4,15.7408979331819,15.7408979331819,0,0.486054004449828,-93.7187970175093,-93.9128345897611,5.90382173771882,5.12716071048898,3.93522448329548,3.97931112463019,1,0.166666666666667,0.166666666666667,0.9,degraded
281,16131,degraded_sector,2,5,5,10,1,3.93297611873676,3.93297611873676,0,0.0876368687382618,-88.1004035118702,-87.5569865349382,8.79256338062103,7.933127382339,3.93297611873676,3.93297611873676,1,0,0,0.909090909090909,degraded
282,16132,degraded_sector,2,6,6,10,4,16.6601451701118,16.6601451701118,0,0.671725902399355,-96.3081201333268,-97.0352808429467,3.12231583393812,0.938487462777529,4.16503629252794,4.30683251077307,1,0.5,0.5,0.909090909090909,degraded
283,16133,degraded_sector,3,7,7,12,3,14.0364123727618,14.0364123727618,0,0.395858595040493,-94.2039235275794,-95.7887870986911,6.18789095645921,3.80360619244341,4.67880412425392,4.64280680154683,1,0.166666666666667,0.166666666666667,1,degraded
284,16134,degraded_sector,3,8,8,15,2,13.6490821689529,13.6490821689529,0,0.44747333831122,-93.6413906224645,-93.3395213491731,4.8976800232018,3.80087157734457,6.82454108447643,6.82454108447643,1,0.266666666666667,0.266666666666667,1,degraded
285,16135,degraded_sector,3,9,9,6,1,7.19253322032729,7.19253322032729,0,0.238660131686263,-93.6118560315689,-92.0162715304623,4.68006667678777,4.80173508712166,7.19253322032729,7.19253322032729,1,0.333333333333333,0.333333333333333,1,degraded
286,16136,degraded_sector,4,10,10,9,3,13.6180477451208,13.6180477451208,0,0.414344175013881,-92.0945228403531,-92.4235893562683,6.03794057426055,5.86971706119233,4.53934924837361,4.18365316462411,1,0,0,1,degraded
287,16137,degraded_sector,4,11,11,15,3,14.7891499294672,14.7891499294672,0,0.396209801822238,-94.5013996082192,-96.2914509548883,7.04460405590444,5.1095917135459,4.92971664315574,5.41564015654636,1,0.2,0.2,0.789473684210526,degraded
288,16138,degraded_sector,4,12,12,7,0,0,0,0,0,-91.3055787399398,-89.9023582486435,3.44015806879646,3.79447969094811,0,0,1,0.142857142857143,0.142857142857143,1,degraded
289,16139,degraded_sector,5,13,13,10,3,11.0915488283055,11.0915488283055,0,0.442671923458236,-93.8604575658341,-94.248865866815,3.11356054820822,1.30066663094138,3.6971829427685,2.18052016819471,1,0.5,0.5,1,degraded
290,16140,degraded_sector,5,14,14,19,3,17.5392928667512,17.5392928667512,0,0.373044541811495,-93.4150703634892,-91.5195948735647,9.13839759559874,9.98343114389798,5.84643095558373,5.90749297094092,1,0.105263157894737,0.105263157894737,0.904761904761905,degraded
291,16141,degraded_sector,5,15,15,13,1,4.43527095958084,4.43527095958084,0,0.180684103496547,-93.9255272204606,-93.551944950586,3.13899060281832,3.01395635584692,4.43527095958084,4.43527095958084,1,0.461538461538462,0.461538461538462,0.8125,degraded
292,16142,degraded_sector,6,16,16,5,1,6.71053638819437,6.71053638819437,0,0.309272465450901,-90.3833983950125,-92.3974266065803,2.60697149717608,2.71535746172202,6.71053638819437,6.71053638819437,1,0.2,0.2,1,degraded
293,16143,degraded_sector,6,17,17,6,1,5.62065493595185,5.62065493595185,0,0.156735510984597,-89.4818513468321,-87.9257009853035,6.42033132432639,4.72320892735386,5.62065493595185,5.62065493595185,1,0.166666666666667,0.166666666666667,0.857142857142857,degraded
294,16144,degraded_sector,6,18,18,16,3,11.387062378523,11.387062378523,0,0.370859082596092,-95.0936599696094,-96.6207349467398,4.87253705846872,4.1483317690272,3.79568745950766,4.89632907089581,1,0.3125,0.3125,0.888888888888889,degraded
295,16145,degraded_sector,7,19,19,14,3,15.9471813887141,15.9471813887141,0,0.384553842001633,-90.5122760618439,-94.3151985148894,8.42365835562922,6.25561299570871,5.31572712957137,6.92792848768995,1,0.285714285714286,0.285714285714286,0.933333333333333,degraded
296,16146,degraded_sector,7,20,20,5,2,7.85911610146351,7.85911610146351,0,0.312905221961092,-91.726881027417,-92.8754559631156,3.21581227754864,2.58157970223244,3.92955805073176,3.92955805073176,1,0.2,0.2,1,degraded
297,16147,degraded_sector,7,21,21,19,2,6.53617020774469,6.53617020774469,0,0.201178544573835,-94.4096952395501,-97.8223858907997,5.64646751346852,5.1088793893118,3.26808510387234,3.26808510387234,1,0.0526315789473684,0.0526315789473684,0.826086956521739,degraded
298,16148,degraded_sector,1,1,1,12,1,6.54199510031242,6.54199510031242,0,0.197137102004707,-89.0694354609999,-90.5413139682881,5.51639233248262,2.65456485776568,6.54199510031242,6.54199510031242,1,0.25,0.25,1,degraded
299,16149,degraded_sector,1,2,2,11,2,3.95727060741487,3.95727060741487,0,0.189463601608665,-92.251416147647,-91.0545974194974,2.14167347810736,0.830563954157447,1.97863530370743,1.97863530370743,1,0.363636363636364,0.363636363636364,1,degraded
300,16150,degraded_sector,1,3,3,6,2,9.06734289748551,9.06734289748551,0,0.262159565683295,-87.1621597922047,-87.5127786022869,6.17692761760895,5.03558974888801,4.53367144874276,4.53367144874276,1,0.166666666666667,0.166666666666667,0.857142857142857,degraded
301,26001,outage_sector,1,1,1,0,0,0,0,0,0,-125,-125,-20,-20,0,0,0,0,0,0,outage
302,26002,outage_sector,1,2,2,0,0,0,0,0,0,-125,-125,-20,-20,0,0,0,0,0,0,outage
303,26003,outage_sector,1,3,3,0,0,0,0,0,0,-125,-125,-20,-20,0,0,0,0,0,0,outage
304,26004,outage_sector,2,4,4,0,0,0,0,0,0,-125,-125,-20,-20,0,0,0,0,0,0,outage
305,26005,outage_sector,2,5,5,0,0,0,0,0,0,-125,-125,-20,-20,0,0,0,0,0,0,outage
306,26006,outage_sector,2,6,6,0,0,0,0,0,0,-125,-125,-20,-20,0,0,0,0,0,0,outage
307,26007,outage_sector,3,7,7,0,0,0,0,0,0,-125,-125,-20,-20,0,0,0,0,0,0,outage
308,26008,outage_sector,3,8,8,0,0,0,0,0,0,-125,-125,-20,-20,0,0,0,0,0,0,outage
309,26009,outage_sector,3,9,9,0,0,0,0,0,0,-125,-125,-20,-20,0,0,0,0,0,0,outage
310,26010,outage_sector,4,10,10,0,0,0,0,0,0,-125,-125,-20,-20,0,0,0,0,0,0,outage
311,26011,outage_sector,4,11,11,0,0,0,0,0,0,-125,-125,-20,-20,0,0,0,0,0,0,outage
312,26012,outage_sector,4,12,12,0,0,0,0,0,0,-125,-125,-20,-20,0,0,0,0,0,0,outage
313,26013,outage_sector,5,13,13,0,0,0,0,0,0,-125,-125,-20,-20,0,0,0,0,0,0,outage
314,26014,outage_sector,5,14,14,0,0,0,0,0,0,-125,-125,-20,-20,0,0,0,0,0,0,outage
315,26015,outage_sector,5,15,15,0,0,0,0,0,0,-125,-125,-20,-20,0,0,0,0,0,0,outage
316,26016,outage_sector,6,16,16,0,0,0,0,0,0,-125,-125,-20,-20,0,0,0,0,0,0,outage
317,26017,outage_sector,6,17,17,0,0,0,0,0,0,-125,-125,-20,-20,0,0,0,0,0,0,outage
318,26018,outage_sector,6,18,18,0,0,0,0,0,0,-125,-125,-20,-20,0,0,0,0,0,0,outage
319,26019,outage_sector,7,19,19,0,0,0,0,0,0,-125,-125,-20,-20,0,0,0,0,0,0,outage
320,26020,outage_sector,7,20,20,0,0,0,0,0,0,-125,-125,-20,-20,0,0,0,0,0,0,outage
321,26021,outage_sector,7,21,21,0,0,0,0,0,0,-125,-125,-20,-20,0,0,0,0,0,0,outage
322,26022,outage_sector,1,1,1,0,0,0,0,0,0,-125,-125,-20,-20,0,0,0,0,0,0,outage
323,26023,outage_sector,1,2,2,0,0,0,0,0,0,-125,-125,-20,-20,0,0,0,0,0,0,outage
324,26024,outage_sector,1,3,3,0,0,0,0,0,0,-125,-125,-20,-20,0,0,0,0,0,0,outage
325,26025,outage_sector,2,4,4,0,0,0,0,0,0,-125,-125,-20,-20,0,0,0,0,0,0,outage
326,26026,outage_sector,2,5,5,0,0,0,0,0,0,-125,-125,-20,-20,0,0,0,0,0,0,outage
327,26027,outage_sector,2,6,6,0,0,0,0,0,0,-125,-125,-20,-20,0,0,0,0,0,0,outage
328,26028,outage_sector,3,7,7,0,0,0,0,0,0,-125,-125,-20,-20,0,0,0,0,0,0,outage
329,26029,outage_sector,3,8,8,0,0,0,0,0,0,-125,-125,-20,-20,0,0,0,0,0,0,outage
330,26030,outage_sector,3,9,9,0,0,0,0,0,0,-125,-125,-20,-20,0,0,0,0,0,0,outage
331,26031,outage_sector,4,10,10,0,0,0,0,0,0,-125,-125,-20,-20,0,0,0,0,0,0,outage
332,26032,outage_sector,4,11,11,0,0,0,0,0,0,-125,-125,-20,-20,0,0,0,0,0,0,outage
333,26033,outage_sector,4,12,12,0,0,0,0,0,0,-125,-125,-20,-20,0,0,0,0,0,0,outage
334,26034,outage_sector,5,13,13,0,0,0,0,0,0,-125,-125,-20,-20,0,0,0,0,0,0,outage
335,26035,outage_sector,5,14,14,0,0,0,0,0,0,-125,-125,-20,-20,0,0,0,0,0,0,outage
336,26036,outage_sector,5,15,15,0,0,0,0,0,0,-125,-125,-20,-20,0,0,0,0,0,0,outage
337,26037,outage_sector,6,16,16,0,0,0,0,0,0,-125,-125,-20,-20,0,0,0,0,0,0,outage
338,26038,outage_sector,6,17,17,0,0,0,0,0,0,-125,-125,-20,-20,0,0,0,0,0,0,outage
339,26039,outage_sector,6,18,18,0,0,0,0,0,0,-125,-125,-20,-20,0,0,0,0,0,0,outage
340,26040,outage_sector,7,19,19,0,0,0,0,0,0,-125,-125,-20,-20,0,0,0,0,0,0,outage
341,26041,outage_sector,7,20,20,0,0,0,0,0,0,-125,-125,-20,-20,0,0,0,0,0,0,outage
342,26042,outage_sector,7,21,21,0,0,0,0,0,0,-125,-125,-20,-20,0,0,0,0,0,0,outage
343,26043,outage_sector,1,1,1,0,0,0,0,0,0,-125,-125,-20,-20,0,0,0,0,0,0,outage
344,26044,outage_sector,1,2,2,0,0,0,0,0,0,-125,-125,-20,-20,0,0,0,0,0,0,outage
345,26045,outage_sector,1,3,3,0,0,0,0,0,0,-125,-125,-20,-20,0,0,0,0,0,0,outage
346,26046,outage_sector,2,4,4,0,0,0,0,0,0,-125,-125,-20,-20,0,0,0,0,0,0,outage
347,26047,outage_sector,2,5,5,0,0,0,0,0,0,-125,-125,-20,-20,0,0,0,0,0,0,outage
348,26048,outage_sector,2,6,6,0,0,0,0,0,0,-125,-125,-20,-20,0,0,0,0,0,0,outage
349,26049,outage_sector,3,7,7,0,0,0,0,0,0,-125,-125,-20,-20,0,0,0,0,0,0,outage
350,26050,outage_sector,3,8,8,0,0,0,0,0,0,-125,-125,-20,-20,0,0,0,0,0,0,outage
351,26051,outage_sector,3,9,9,0,0,0,0,0,0,-125,-125,-20,-20,0,0,0,0,0,0,outage
352,26052,outage_sector,4,10,10,0,0,0,0,0,0,-125,-125,-20,-20,0,0,0,0,0,0,outage
353,26053,outage_sector,4,11,11,0,0,0,0,0,0,-125,-125,-20,-20,0,0,0,0,0,0,outage
354,26054,outage_sector,4,12,12,0,0,0,0,0,0,-125,-125,-20,-20,0,0,0,0,0,0,outage
355,26055,outage_sector,5,13,13,0,0,0,0,0,0,-125,-125,-20,-20,0,0,0,0,0,0,outage
356,26056,outage_sector,5,14,14,0,0,0,0,0,0,-125,-125,-20,-20,0,0,0,0,0,0,outage
357,26057,outage_sector,5,15,15,0,0,0,0,0,0,-125,-125,-20,-20,0,0,0,0,0,0,outage
358,26058,outage_sector,6,16,16,0,0,0,0,0,0,-125,-125,-20,-20,0,0,0,0,0,0,outage
359,26059,outage_sector,6,17,17,0,0,0,0,0,0,-125,-125,-20,-20,0,0,0,0,0,0,outage
360,26060,outage_sector,6,18,18,0,0,0,0,0,0,-125,-125,-20,-20,0,0,0,0,0,0,outage
361,26061,outage_sector,7,19,19,0,0,0,0,0,0,-125,-125,-20,-20,0,0,0,0,0,0,outage
362,26062,outage_sector,7,20,20,0,0,0,0,0,0,-125,-125,-20,-20,0,0,0,0,0,0,outage
363,26063,outage_sector,7,21,21,0,0,0,0,0,0,-125,-125,-20,-20,0,0,0,0,0,0,outage
364,26064,outage_sector,1,1,1,0,0,0,0,0,0,-125,-125,-20,-20,0,0,0,0,0,0,outage
365,26065,outage_sector,1,2,2,0,0,0,0,0,0,-125,-125,-20,-20,0,0,0,0,0,0,outage
366,26066,outage_sector,1,3,3,0,0,0,0,0,0,-125,-125,-20,-20,0,0,0,0,0,0,outage
367,26067,outage_sector,2,4,4,0,0,0,0,0,0,-125,-125,-20,-20,0,0,0,0,0,0,outage
368,26068,outage_sector,2,5,5,0,0,0,0,0,0,-125,-125,-20,-20,0,0,0,0,0,0,outage
369,26069,outage_sector,2,6,6,0,0,0,0,0,0,-125,-125,-20,-20,0,0,0,0,0,0,outage
370,26070,outage_sector,3,7,7,0,0,0,0,0,0,-125,-125,-20,-20,0,0,0,0,0,0,outage
371,26071,outage_sector,3,8,8,0,0,0,0,0,0,-125,-125,-20,-20,0,0,0,0,0,0,outage
372,26072,outage_sector,3,9,9,0,0,0,0,0,0,-125,-125,-20,-20,0,0,0,0,0,0,outage
373,26073,outage_sector,4,10,10,0,0,0,0,0,0,-125,-125,-20,-20,0,0,0,0,0,0,outage
374,26074,outage_sector,4,11,11,0,0,0,0,0,0,-125,-125,-20,-20,0,0,0,0,0,0,outage
375,26075,outage_sector,4,12,12,0,0,0,0,0,0,-125,-125,-20,-20,0,0,0,0,0,0,outage
376,26076,outage_sector,5,13,13,0,0,0,0,0,0,-125,-125,-20,-20,0,0,0,0,0,0,outage
377,26077,outage_sector,5,14,14,0,0,0,0,0,0,-125,-125,-20,-20,0,0,0,0,0,0,outage
378,26078,outage_sector,5,15,15,0,0,0,0,0,0,-125,-125,-20,-20,0,0,0,0,0,0,outage
379,26079,outage_sector,6,16,16,0,0,0,0,0,0,-125,-125,-20,-20,0,0,0,0,0,0,outage
380,26080,outage_sector,6,17,17,0,0,0,0,0,0,-125,-125,-20,-20,0,0,0,0,0,0,outage
381,26081,outage_sector,6,18,18,0,0,0,0,0,0,-125,-125,-20,-20,0,0,0,0,0,0,outage
382,26082,outage_sector,7,19,19,0,0,0,0,0,0,-125,-125,-20,-20,0,0,0,0,0,0,outage
383,26083,outage_sector,7,20,20,0,0,0,0,0,0,-125,-125,-20,-20,0,0,0,0,0,0,outage
384,26084,outage_sector,7,21,21,0,0,0,0,0,0,-125,-125,-20,-20,0,0,0,0,0,0,outage
385,26085,outage_sector,1,1,1,0,0,0,0,0,0,-125,-125,-20,-20,0,0,0,0,0,0,outage
386,26086,outage_sector,1,2,2,0,0,0,0,0,0,-125,-125,-20,-20,0,0,0,0,0,0,outage
387,26087,outage_sector,1,3,3,0,0,0,0,0,0,-125,-125,-20,-20,0,0,0,0,0,0,outage
388,26088,outage_sector,2,4,4,0,0,0,0,0,0,-125,-125,-20,-20,0,0,0,0,0,0,outage
389,26089,outage_sector,2,5,5,0,0,0,0,0,0,-125,-125,-20,-20,0,0,0,0,0,0,outage
390,26090,outage_sector,2,6,6,0,0,0,0,0,0,-125,-125,-20,-20,0,0,0,0,0,0,outage
391,26091,outage_sector,3,7,7,0,0,0,0,0,0,-125,-125,-20,-20,0,0,0,0,0,0,outage
392,26092,outage_sector,3,8,8,0,0,0,0,0,0,-125,-125,-20,-20,0,0,0,0,0,0,outage
393,26093,outage_sector,3,9,9,0,0,0,0,0,0,-125,-125,-20,-20,0,0,0,0,0,0,outage
394,26094,outage_sector,4,10,10,0,0,0,0,0,0,-125,-125,-20,-20,0,0,0,0,0,0,outage
395,26095,outage_sector,4,11,11,0,0,0,0,0,0,-125,-125,-20,-20,0,0,0,0,0,0,outage
396,26096,outage_sector,4,12,12,0,0,0,0,0,0,-125,-125,-20,-20,0,0,0,0,0,0,outage
397,26097,outage_sector,5,13,13,0,0,0,0,0,0,-125,-125,-20,-20,0,0,0,0,0,0,outage
398,26098,outage_sector,5,14,14,0,0,0,0,0,0,-125,-125,-20,-20,0,0,0,0,0,0,outage
399,26099,outage_sector,5,15,15,0,0,0,0,0,0,-125,-125,-20,-20,0,0,0,0,0,0,outage
400,26100,outage_sector,6,16,16,0,0,0,0,0,0,-125,-125,-20,-20,0,0,0,0,0,0,outage
401,26101,outage_sector,6,17,17,0,0,0,0,0,0,-125,-125,-20,-20,0,0,0,0,0,0,outage
402,26102,outage_sector,6,18,18,0,0,0,0,0,0,-125,-125,-20,-20,0,0,0,0,0,0,outage
403,26103,outage_sector,7,19,19,0,0,0,0,0,0,-125,-125,-20,-20,0,0,0,0,0,0,outage
404,26104,outage_sector,7,20,20,0,0,0,0,0,0,-125,-125,-20,-20,0,0,0,0,0,0,outage
405,26105,outage_sector,7,21,21,0,0,0,0,0,0,-125,-125,-20,-20,0,0,0,0,0,0,outage
406,26106,outage_sector,1,1,1,0,0,0,0,0,0,-125,-125,-20,-20,0,0,0,0,0,0,outage
407,26107,outage_sector,1,2,2,0,0,0,0,0,0,-125,-125,-20,-20,0,0,0,0,0,0,outage
408,26108,outage_sector,1,3,3,0,0,0,0,0,0,-125,-125,-20,-20,0,0,0,0,0,0,outage
409,26109,outage_sector,2,4,4,0,0,0,0,0,0,-125,-125,-20,-20,0,0,0,0,0,0,outage
410,26110,outage_sector,2,5,5,0,0,0,0,0,0,-125,-125,-20,-20,0,0,0,0,0,0,outage
411,26111,outage_sector,2,6,6,0,0,0,0,0,0,-125,-125,-20,-20,0,0,0,0,0,0,outage
412,26112,outage_sector,3,7,7,0,0,0,0,0,0,-125,-125,-20,-20,0,0,0,0,0,0,outage
413,26113,outage_sector,3,8,8,0,0,0,0,0,0,-125,-125,-20,-20,0,0,0,0,0,0,outage
414,26114,outage_sector,3,9,9,0,0,0,0,0,0,-125,-125,-20,-20,0,0,0,0,0,0,outage
415,26115,outage_sector,4,10,10,0,0,0,0,0,0,-125,-125,-20,-20,0,0,0,0,0,0,outage
416,26116,outage_sector,4,11,11,0,0,0,0,0,0,-125,-125,-20,-20,0,0,0,0,0,0,outage
417,26117,outage_sector,4,12,12,0,0,0,0,0,0,-125,-125,-20,-20,0,0,0,0,0,0,outage
418,26118,outage_sector,5,13,13,0,0,0,0,0,0,-125,-125,-20,-20,0,0,0,0,0,0,outage
419,26119,outage_sector,5,14,14,0,0,0,0,0,0,-125,-125,-20,-20,0,0,0,0,0,0,outage
420,26120,outage_sector,5,15,15,0,0,0,0,0,0,-125,-125,-20,-20,0,0,0,0,0,0,outage
421,26121,outage_sector,6,16,16,0,0,0,0,0,0,-125,-125,-20,-20,0,0,0,0,0,0,outage
422,26122,outage_sector,6,17,17,0,0,0,0,0,0,-125,-125,-20,-20,0,0,0,0,0,0,outage
423,26123,outage_sector,6,18,18,0,0,0,0,0,0,-125,-125,-20,-20,0,0,0,0,0,0,outage
424,26124,outage_sector,7,19,19,0,0,0,0,0,0,-125,-125,-20,-20,0,0,0,0,0,0,outage
425,26125,outage_sector,7,20,20,0,0,0,0,0,0,-125,-125,-20,-20,0,0,0,0,0,0,outage
426,26126,outage_sector,7,21,21,0,0,0,0,0,0,-125,-125,-20,-20,0,0,0,0,0,0,outage
427,26127,outage_sector,1,1,1,0,0,0,0,0,0,-125,-125,-20,-20,0,0,0,0,0,0,outage
428,26128,outage_sector,1,2,2,0,0,0,0,0,0,-125,-125,-20,-20,0,0,0,0,0,0,outage
429,26129,outage_sector,1,3,3,0,0,0,0,0,0,-125,-125,-20,-20,0,0,0,0,0,0,outage
430,26130,outage_sector,2,4,4,0,0,0,0,0,0,-125,-125,-20,-20,0,0,0,0,0,0,outage
431,26131,outage_sector,2,5,5,0,0,0,0,0,0,-125,-125,-20,-20,0,0,0,0,0,0,outage
432,26132,outage_sector,2,6,6,0,0,0,0,0,0,-125,-125,-20,-20,0,0,0,0,0,0,outage
433,26133,outage_sector,3,7,7,0,0,0,0,0,0,-125,-125,-20,-20,0,0,0,0,0,0,outage
434,26134,outage_sector,3,8,8,0,0,0,0,0,0,-125,-125,-20,-20,0,0,0,0,0,0,outage
435,26135,outage_sector,3,9,9,0,0,0,0,0,0,-125,-125,-20,-20,0,0,0,0,0,0,outage
436,26136,outage_sector,4,10,10,0,0,0,0,0,0,-125,-125,-20,-20,0,0,0,0,0,0,outage
437,26137,outage_sector,4,11,11,0,0,0,0,0,0,-125,-125,-20,-20,0,0,0,0,0,0,outage
438,26138,outage_sector,4,12,12,0,0,0,0,0,0,-125,-125,-20,-20,0,0,0,0,0,0,outage
439,26139,outage_sector,5,13,13,0,0,0,0,0,0,-125,-125,-20,-20,0,0,0,0,0,0,outage
440,26140,outage_sector,5,14,14,0,0,0,0,0,0,-125,-125,-20,-20,0,0,0,0,0,0,outage
441,26141,outage_sector,5,15,15,0,0,0,0,0,0,-125,-125,-20,-20,0,0,0,0,0,0,outage
442,26142,outage_sector,6,16,16,0,0,0,0,0,0,-125,-125,-20,-20,0,0,0,0,0,0,outage
443,26143,outage_sector,6,17,17,0,0,0,0,0,0,-125,-125,-20,-20,0,0,0,0,0,0,outage
444,26144,outage_sector,6,18,18,0,0,0,0,0,0,-125,-125,-20,-20,0,0,0,0,0,0,outage
445,26145,outage_sector,7,19,19,0,0,0,0,0,0,-125,-125,-20,-20,0,0,0,0,0,0,outage
446,26146,outage_sector,7,20,20,0,0,0,0,0,0,-125,-125,-20,-20,0,0,0,0,0,0,outage
447,26147,outage_sector,7,21,21,0,0,0,0,0,0,-125,-125,-20,-20,0,0,0,0,0,0,outage
448,26148,outage_sector,1,1,1,0,0,0,0,0,0,-125,-125,-20,-20,0,0,0,0,0,0,outage
449,26149,outage_sector,1,2,2,0,0,0,0,0,0,-125,-125,-20,-20,0,0,0,0,0,0,outage
450,26150,outage_sector,1,3,3,0,0,0,0,0,0,-125,-125,-20,-20,0,0,0,0,0,0,outage
